sex,age_days,l,m,s
1,0,1.00000,49.88420,0.03795
1,1,1.00000,50.06010,0.03785
1,2,1.00000,50.23590,0.03775
1,3,1.00000,50.41180,0.03764
1,4,1.00000,50.58760,0.03754
1,5,1.00000,50.76350,0.03744
1,6,1.00000,50.93930,0.03734
1,7,1.00000,51.11520,0.03723
1,8,1.00000,51.29100,0.03713
1,9,1.00000,51.46690,0.03703
1,10,1.00000,51.64270,0.03693
1,11,1.00000,51.81860,0.03682
1,12,1.00000,51.99440,0.03672
1,13,1.00000,52.17020,0.03662
1,14,1.00000,52.34610,0.03652
1,15,1.00000,52.49780,0.03645
1,16,1.00000,52.64880,0.03639
1,17,1.00000,52.79900,0.03633
1,18,1.00000,52.94830,0.03627
1,19,1.00000,53.09670,0.03621
1,20,1.00000,53.24410,0.03615
1,21,1.00000,53.39050,0.03609
1,22,1.00000,53.53600,0.03603
1,23,1.00000,53.68050,0.03597
1,24,1.00000,53.82390,0.03592
1,25,1.00000,53.96640,0.03586
1,26,1.00000,54.10790,0.03581
1,27,1.00000,54.24850,0.03575
1,28,1.00000,54.38810,0.03570
1,29,1.00000,54.52680,0.03565
1,30,1.00000,54.66450,0.03559
1,31,1.00000,54.80120,0.03554
1,32,1.00000,54.93680,0.03549
1,33,1.00000,55.07140,0.03544
1,34,1.00000,55.20490,0.03539
1,35,1.00000,55.33740,0.03534
1,36,1.00000,55.46880,0.03529
1,37,1.00000,55.59920,0.03524
1,38,1.00000,55.72850,0.03520
1,39,1.00000,55.85680,0.03515
1,40,1.00000,55.98410,0.03510
1,41,1.00000,56.11040,0.03506
1,42,1.00000,56.23570,0.03501
1,43,1.00000,56.35990,0.03496
1,44,1.00000,56.48330,0.03492
1,45,1.00000,56.60560,0.03488
1,46,1.00000,56.72690,0.03483
1,47,1.00000,56.84720,0.03479
1,48,1.00000,56.96660,0.03475
1,49,1.00000,57.08510,0.03470
1,50,1.00000,57.20260,0.03466
1,51,1.00000,57.31920,0.03462
1,52,1.00000,57.43490,0.03458
1,53,1.00000,57.54970,0.03454
1,54,1.00000,57.66370,0.03450
1,55,1.00000,57.77670,0.03446
1,56,1.00000,57.88890,0.03442
1,57,1.00000,58.00030,0.03438
1,58,1.00000,58.11090,0.03434
1,59,1.00000,58.22070,0.03431
1,60,1.00000,58.32990,0.03427
1,61,1.00000,58.43840,0.03423
1,62,1.00000,58.54630,0.03420
1,63,1.00000,58.65360,0.03416
1,64,1.00000,58.76030,0.03412
1,65,1.00000,58.86640,0.03409
1,66,1.00000,58.97180,0.03405
1,67,1.00000,59.07660,0.03402
1,68,1.00000,59.18080,0.03398
1,69,1.00000,59.28430,0.03395
1,70,1.00000,59.38720,0.03392
1,71,1.00000,59.48940,0.03388
1,72,1.00000,59.59100,0.03385
1,73,1.00000,59.69200,0.03382
1,74,1.00000,59.79230,0.03379
1,75,1.00000,59.89200,0.03375
1,76,1.00000,59.99100,0.03372
1,77,1.00000,60.08940,0.03369
1,78,1.00000,60.18720,0.03366
1,79,1.00000,60.28430,0.03363
1,80,1.00000,60.38080,0.03360
1,81,1.00000,60.47670,0.03357
1,82,1.00000,60.57190,0.03354
1,83,1.00000,60.66650,0.03351
1,84,1.00000,60.76050,0.03348
1,85,1.00000,60.85390,0.03345
1,86,1.00000,60.94660,0.03342
1,87,1.00000,61.03880,0.03340
1,88,1.00000,61.13030,0.03337
1,89,1.00000,61.22120,0.03334
1,90,1.00000,61.31150,0.03331
1,91,1.00000,61.40130,0.03329
1,92,1.00000,61.49040,0.03326
1,93,1.00000,61.57900,0.03323
1,94,1.00000,61.66700,0.03321
1,95,1.00000,61.75430,0.03318
1,96,1.00000,61.84110,0.03316
1,97,1.00000,61.92740,0.03313
1,98,1.00000,62.01300,0.03311
1,99,1.00000,62.09810,0.03308
1,100,1.00000,62.18260,0.03306
1,101,1.00000,62.26650,0.03303
1,102,1.00000,62.34990,0.03301
1,103,1.00000,62.43270,0.03298
1,104,1.00000,62.51490,0.03296
1,105,1.00000,62.59660,0.03294
1,106,1.00000,62.67780,0.03291
1,107,1.00000,62.75840,0.03289
1,108,1.00000,62.83840,0.03287
1,109,1.00000,62.91800,0.03284
1,110,1.00000,62.99690,0.03282
1,111,1.00000,63.07540,0.03280
1,112,1.00000,63.15330,0.03278
1,113,1.00000,63.23070,0.03276
1,114,1.00000,63.30760,0.03273
1,115,1.00000,63.38390,0.03271
1,116,1.00000,63.45980,0.03269
1,117,1.00000,63.53510,0.03267
1,118,1.00000,63.60990,0.03265
1,119,1.00000,63.68420,0.03263
1,120,1.00000,63.75800,0.03261
1,121,1.00000,63.83130,0.03259
1,122,1.00000,63.90410,0.03257
1,123,1.00000,63.97650,0.03255
1,124,1.00000,64.04830,0.03253
1,125,1.00000,64.11970,0.03251
1,126,1.00000,64.19060,0.03249
1,127,1.00000,64.26100,0.03247
1,128,1.00000,64.33100,0.03245
1,129,1.00000,64.40060,0.03243
1,130,1.00000,64.46970,0.03241
1,131,1.00000,64.53830,0.03239
1,132,1.00000,64.60660,0.03238
1,133,1.00000,64.67440,0.03236
1,134,1.00000,64.74180,0.03234
1,135,1.00000,64.80880,0.03232
1,136,1.00000,64.87550,0.03230
1,137,1.00000,64.94170,0.03229
1,138,1.00000,65.00750,0.03227
1,139,1.00000,65.07300,0.03225
1,140,1.00000,65.13800,0.03223
1,141,1.00000,65.20270,0.03222
1,142,1.00000,65.26710,0.03220
1,143,1.00000,65.33100,0.03218
1,144,1.00000,65.39460,0.03217
1,145,1.00000,65.45790,0.03215
1,146,1.00000,65.52080,0.03214
1,147,1.00000,65.58340,0.03212
1,148,1.00000,65.64560,0.03210
1,149,1.00000,65.70750,0.03209
1,150,1.00000,65.76900,0.03207
1,151,1.00000,65.83030,0.03206
1,152,1.00000,65.89120,0.03204
1,153,1.00000,65.95180,0.03203
1,154,1.00000,66.01210,0.03201
1,155,1.00000,66.07210,0.03200
1,156,1.00000,66.13170,0.03198
1,157,1.00000,66.19110,0.03197
1,158,1.00000,66.25020,0.03196
1,159,1.00000,66.30890,0.03194
1,160,1.00000,66.36740,0.03193
1,161,1.00000,66.42560,0.03191
1,162,1.00000,66.48350,0.03190
1,163,1.00000,66.54120,0.03189
1,164,1.00000,66.59850,0.03187
1,165,1.00000,66.65560,0.03186
1,166,1.00000,66.71250,0.03185
1,167,1.00000,66.76910,0.03183
1,168,1.00000,66.82540,0.03182
1,169,1.00000,66.88150,0.03181
1,170,1.00000,66.93730,0.03180
1,171,1.00000,66.99300,0.03179
1,172,1.00000,67.04830,0.03177
1,173,1.00000,67.10350,0.03176
1,174,1.00000,67.15840,0.03175
1,175,1.00000,67.21320,0.03174
1,176,1.00000,67.26770,0.03173
1,177,1.00000,67.32190,0.03171
1,178,1.00000,67.37600,0.03170
1,179,1.00000,67.42990,0.03169
1,180,1.00000,67.48360,0.03168
1,181,1.00000,67.53710,0.03167
1,182,1.00000,67.59040,0.03166
1,183,1.00000,67.64350,0.03165
1,184,1.00000,67.69640,0.03164
1,185,1.00000,67.74910,0.03163
1,186,1.00000,67.80170,0.03162
1,187,1.00000,67.85410,0.03161
1,188,1.00000,67.90620,0.03160
1,189,1.00000,67.95830,0.03159
1,190,1.00000,68.01010,0.03158
1,191,1.00000,68.06180,0.03157
1,192,1.00000,68.11330,0.03156
1,193,1.00000,68.16470,0.03155
1,194,1.00000,68.21580,0.03154
1,195,1.00000,68.26690,0.03153
1,196,1.00000,68.31770,0.03152
1,197,1.00000,68.36850,0.03152
1,198,1.00000,68.41900,0.03151
1,199,1.00000,68.46950,0.03150
1,200,1.00000,68.51980,0.03149
1,201,1.00000,68.56990,0.03148
1,202,1.00000,68.61990,0.03147
1,203,1.00000,68.66980,0.03147
1,204,1.00000,68.71950,0.03146
1,205,1.00000,68.76910,0.03145
1,206,1.00000,68.81860,0.03144
1,207,1.00000,68.86790,0.03144
1,208,1.00000,68.91710,0.03143
1,209,1.00000,68.96620,0.03142
1,210,1.00000,69.01520,0.03141
1,211,1.00000,69.06410,0.03141
1,212,1.00000,69.11280,0.03140
1,213,1.00000,69.16150,0.03139
1,214,1.00000,69.21000,0.03139
1,215,1.00000,69.25840,0.03138
1,216,1.00000,69.30670,0.03137
1,217,1.00000,69.35490,0.03137
1,218,1.00000,69.40310,0.03136
1,219,1.00000,69.45110,0.03136
1,220,1.00000,69.49900,0.03135
1,221,1.00000,69.54680,0.03134
1,222,1.00000,69.59450,0.03134
1,223,1.00000,69.64210,0.03133
1,224,1.00000,69.68960,0.03133
1,225,1.00000,69.73700,0.03132
1,226,1.00000,69.78440,0.03132
1,227,1.00000,69.83160,0.03131
1,228,1.00000,69.87870,0.03131
1,229,1.00000,69.92580,0.03130
1,230,1.00000,69.97280,0.03130
1,231,1.00000,70.01970,0.03129
1,232,1.00000,70.06650,0.03129
1,233,1.00000,70.11320,0.03128
1,234,1.00000,70.15990,0.03128
1,235,1.00000,70.20640,0.03127
1,236,1.00000,70.25290,0.03127
1,237,1.00000,70.29940,0.03126
1,238,1.00000,70.34570,0.03126
1,239,1.00000,70.39200,0.03126
1,240,1.00000,70.43820,0.03125
1,241,1.00000,70.48430,0.03125
1,242,1.00000,70.53040,0.03125
1,243,1.00000,70.57640,0.03124
1,244,1.00000,70.62240,0.03124
1,245,1.00000,70.66830,0.03123
1,246,1.00000,70.71410,0.03123
1,247,1.00000,70.75980,0.03123
1,248,1.00000,70.80550,0.03122
1,249,1.00000,70.85110,0.03122
1,250,1.00000,70.89670,0.03122
1,251,1.00000,70.94220,0.03122
1,252,1.00000,70.98760,0.03121
1,253,1.00000,71.03300,0.03121
1,254,1.00000,71.07830,0.03121
1,255,1.00000,71.12350,0.03121
1,256,1.00000,71.16870,0.03120
1,257,1.00000,71.21380,0.03120
1,258,1.00000,71.25890,0.03120
1,259,1.00000,71.30390,0.03120
1,260,1.00000,71.34880,0.03119
1,261,1.00000,71.39370,0.03119
1,262,1.00000,71.43850,0.03119
1,263,1.00000,71.48320,0.03119
1,264,1.00000,71.52790,0.03119
1,265,1.00000,71.57250,0.03118
1,266,1.00000,71.61710,0.03118
1,267,1.00000,71.66160,0.03118
1,268,1.00000,71.70600,0.03118
1,269,1.00000,71.75040,0.03118
1,270,1.00000,71.79470,0.03118
1,271,1.00000,71.83900,0.03118
1,272,1.00000,71.88320,0.03118
1,273,1.00000,71.92730,0.03117
1,274,1.00000,71.97140,0.03117
1,275,1.00000,72.01540,0.03117
1,276,1.00000,72.05940,0.03117
1,277,1.00000,72.10330,0.03117
1,278,1.00000,72.14720,0.03117
1,279,1.00000,72.19090,0.03117
1,280,1.00000,72.23470,0.03117
1,281,1.00000,72.27830,0.03117
1,282,1.00000,72.32190,0.03117
1,283,1.00000,72.36550,0.03117
1,284,1.00000,72.40890,0.03117
1,285,1.00000,72.45230,0.03117
1,286,1.00000,72.49570,0.03117
1,287,1.00000,72.53900,0.03117
1,288,1.00000,72.58220,0.03117
1,289,1.00000,72.62530,0.03117
1,290,1.00000,72.66840,0.03117
1,291,1.00000,72.71150,0.03117
1,292,1.00000,72.75440,0.03117
1,293,1.00000,72.79740,0.03117
1,294,1.00000,72.84020,0.03117
1,295,1.00000,72.88300,0.03117
1,296,1.00000,72.92570,0.03117
1,297,1.00000,72.96840,0.03117
1,298,1.00000,73.01100,0.03117
1,299,1.00000,73.05350,0.03118
1,300,1.00000,73.09600,0.03118
1,301,1.00000,73.13840,0.03118
1,302,1.00000,73.18080,0.03118
1,303,1.00000,73.22310,0.03118
1,304,1.00000,73.26530,0.03118
1,305,1.00000,73.30750,0.03118
1,306,1.00000,73.34970,0.03118
1,307,1.00000,73.39170,0.03119
1,308,1.00000,73.43370,0.03119
1,309,1.00000,73.47570,0.03119
1,310,1.00000,73.51760,0.03119
1,311,1.00000,73.55940,0.03119
1,312,1.00000,73.60120,0.03119
1,313,1.00000,73.64290,0.03120
1,314,1.00000,73.68450,0.03120
1,315,1.00000,73.72610,0.03120
1,316,1.00000,73.76770,0.03120
1,317,1.00000,73.80910,0.03120
1,318,1.00000,73.85060,0.03121
1,319,1.00000,73.89190,0.03121
1,320,1.00000,73.93330,0.03121
1,321,1.00000,73.97450,0.03121
1,322,1.00000,74.01570,0.03122
1,323,1.00000,74.05690,0.03122
1,324,1.00000,74.09790,0.03122
1,325,1.00000,74.13900,0.03122
1,326,1.00000,74.18000,0.03123
1,327,1.00000,74.22090,0.03123
1,328,1.00000,74.26180,0.03123
1,329,1.00000,74.30260,0.03124
1,330,1.00000,74.34330,0.03124
1,331,1.00000,74.38410,0.03124
1,332,1.00000,74.42470,0.03124
1,333,1.00000,74.46530,0.03125
1,334,1.00000,74.50590,0.03125
1,335,1.00000,74.54640,0.03125
1,336,1.00000,74.58680,0.03126
1,337,1.00000,74.62720,0.03126
1,338,1.00000,74.66760,0.03126
1,339,1.00000,74.70790,0.03127
1,340,1.00000,74.74810,0.03127
1,341,1.00000,74.78830,0.03127
1,342,1.00000,74.82850,0.03128
1,343,1.00000,74.86860,0.03128
1,344,1.00000,74.90860,0.03128
1,345,1.00000,74.94860,0.03129
1,346,1.00000,74.98860,0.03129
1,347,1.00000,75.02850,0.03130
1,348,1.00000,75.06830,0.03130
1,349,1.00000,75.10810,0.03130
1,350,1.00000,75.14790,0.03131
1,351,1.00000,75.18760,0.03131
1,352,1.00000,75.22730,0.03132
1,353,1.00000,75.26690,0.03132
1,354,1.00000,75.30650,0.03132
1,355,1.00000,75.34600,0.03133
1,356,1.00000,75.38550,0.03133
1,357,1.00000,75.42500,0.03134
1,358,1.00000,75.46440,0.03134
1,359,1.00000,75.50370,0.03135
1,360,1.00000,75.54310,0.03135
1,361,1.00000,75.58240,0.03136
1,362,1.00000,75.62160,0.03136
1,363,1.00000,75.66080,0.03136
1,364,1.00000,75.69990,0.03137
1,365,1.00000,75.73910,0.03137
1,366,1.00000,75.77810,0.03138
1,367,1.00000,75.81720,0.03138
1,368,1.00000,75.85620,0.03139
1,369,1.00000,75.89510,0.03139
1,370,1.00000,75.93400,0.03140
1,371,1.00000,75.97290,0.03140
1,372,1.00000,76.01170,0.03141
1,373,1.00000,76.05050,0.03141
1,374,1.00000,76.08920,0.03142
1,375,1.00000,76.12790,0.03142
1,376,1.00000,76.16650,0.03143
1,377,1.00000,76.20510,0.03143
1,378,1.00000,76.24370,0.03144
1,379,1.00000,76.28220,0.03144
1,380,1.00000,76.32070,0.03145
1,381,1.00000,76.35910,0.03146
1,382,1.00000,76.39750,0.03146
1,383,1.00000,76.43580,0.03147
1,384,1.00000,76.47410,0.03147
1,385,1.00000,76.51240,0.03148
1,386,1.00000,76.55060,0.03148
1,387,1.00000,76.58880,0.03149
1,388,1.00000,76.62690,0.03149
1,389,1.00000,76.66500,0.03150
1,390,1.00000,76.70300,0.03151
1,391,1.00000,76.74100,0.03151
1,392,1.00000,76.77900,0.03152
1,393,1.00000,76.81690,0.03152
1,394,1.00000,76.85480,0.03153
1,395,1.00000,76.89260,0.03154
1,396,1.00000,76.93040,0.03154
1,397,1.00000,76.96820,0.03155
1,398,1.00000,77.00590,0.03155
1,399,1.00000,77.04350,0.03156
1,400,1.00000,77.08120,0.03157
1,401,1.00000,77.11870,0.03157
1,402,1.00000,77.15630,0.03158
1,403,1.00000,77.19380,0.03159
1,404,1.00000,77.23130,0.03159
1,405,1.00000,77.26870,0.03160
1,406,1.00000,77.30600,0.03160
1,407,1.00000,77.34340,0.03161
1,408,1.00000,77.38070,0.03162
1,409,1.00000,77.41790,0.03162
1,410,1.00000,77.45510,0.03163
1,411,1.00000,77.49230,0.03164
1,412,1.00000,77.52950,0.03164
1,413,1.00000,77.56650,0.03165
1,414,1.00000,77.60360,0.03166
1,415,1.00000,77.64060,0.03166
1,416,1.00000,77.67760,0.03167
1,417,1.00000,77.71450,0.03168
1,418,1.00000,77.75140,0.03168
1,419,1.00000,77.78830,0.03169
1,420,1.00000,77.82510,0.03170
1,421,1.00000,77.86180,0.03170
1,422,1.00000,77.89860,0.03171
1,423,1.00000,77.93530,0.03172
1,424,1.00000,77.97190,0.03172
1,425,1.00000,78.00850,0.03173
1,426,1.00000,78.04510,0.03174
1,427,1.00000,78.08170,0.03175
1,428,1.00000,78.11820,0.03175
1,429,1.00000,78.15460,0.03176
1,430,1.00000,78.19110,0.03177
1,431,1.00000,78.22750,0.03177
1,432,1.00000,78.26380,0.03178
1,433,1.00000,78.30010,0.03179
1,434,1.00000,78.33640,0.03180
1,435,1.00000,78.37270,0.03180
1,436,1.00000,78.40890,0.03181
1,437,1.00000,78.44510,0.03182
1,438,1.00000,78.48120,0.03183
1,439,1.00000,78.51730,0.03183
1,440,1.00000,78.55340,0.03184
1,441,1.00000,78.58940,0.03185
1,442,1.00000,78.62540,0.03186
1,443,1.00000,78.66140,0.03186
1,444,1.00000,78.69730,0.03187
1,445,1.00000,78.73320,0.03188
1,446,1.00000,78.76910,0.03189
1,447,1.00000,78.80490,0.03189
1,448,1.00000,78.84070,0.03190
1,449,1.00000,78.87640,0.03191
1,450,1.00000,78.91220,0.03192
1,451,1.00000,78.94790,0.03192
1,452,1.00000,78.98350,0.03193
1,453,1.00000,79.01910,0.03194
1,454,1.00000,79.05470,0.03195
1,455,1.00000,79.09030,0.03196
1,456,1.00000,79.12580,0.03196
1,457,1.00000,79.16130,0.03197
1,458,1.00000,79.19680,0.03198
1,459,1.00000,79.23220,0.03199
1,460,1.00000,79.26760,0.03200
1,461,1.00000,79.30300,0.03200
1,462,1.00000,79.33830,0.03201
1,463,1.00000,79.37360,0.03202
1,464,1.00000,79.40890,0.03203
1,465,1.00000,79.44410,0.03204
1,466,1.00000,79.47930,0.03204
1,467,1.00000,79.51450,0.03205
1,468,1.00000,79.54960,0.03206
1,469,1.00000,79.58470,0.03207
1,470,1.00000,79.61980,0.03208
1,471,1.00000,79.65480,0.03209
1,472,1.00000,79.68980,0.03209
1,473,1.00000,79.72480,0.03210
1,474,1.00000,79.75980,0.03211
1,475,1.00000,79.79470,0.03212
1,476,1.00000,79.82960,0.03213
1,477,1.00000,79.86440,0.03214
1,478,1.00000,79.89930,0.03214
1,479,1.00000,79.93410,0.03215
1,480,1.00000,79.96880,0.03216
1,481,1.00000,80.00360,0.03217
1,482,1.00000,80.03830,0.03218
1,483,1.00000,80.07290,0.03219
1,484,1.00000,80.10760,0.03220
1,485,1.00000,80.14220,0.03220
1,486,1.00000,80.17680,0.03221
1,487,1.00000,80.21130,0.03222
1,488,1.00000,80.24590,0.03223
1,489,1.00000,80.28040,0.03224
1,490,1.00000,80.31480,0.03225
1,491,1.00000,80.34930,0.03226
1,492,1.00000,80.38370,0.03226
1,493,1.00000,80.41810,0.03227
1,494,1.00000,80.45240,0.03228
1,495,1.00000,80.48670,0.03229
1,496,1.00000,80.52100,0.03230
1,497,1.00000,80.55530,0.03231
1,498,1.00000,80.58950,0.03232
1,499,1.00000,80.62370,0.03233
1,500,1.00000,80.65780,0.03234
1,501,1.00000,80.69200,0.03234
1,502,1.00000,80.72610,0.03235
1,503,1.00000,80.76020,0.03236
1,504,1.00000,80.79420,0.03237
1,505,1.00000,80.82820,0.03238
1,506,1.00000,80.86220,0.03239
1,507,1.00000,80.89610,0.03240
1,508,1.00000,80.93010,0.03241
1,509,1.00000,80.96400,0.03242
1,510,1.00000,80.99780,0.03243
1,511,1.00000,81.03170,0.03244
1,512,1.00000,81.06550,0.03245
1,513,1.00000,81.09920,0.03245
1,514,1.00000,81.13300,0.03246
1,515,1.00000,81.16670,0.03247
1,516,1.00000,81.20040,0.03248
1,517,1.00000,81.23400,0.03249
1,518,1.00000,81.26770,0.03250
1,519,1.00000,81.30130,0.03251
1,520,1.00000,81.33480,0.03252
1,521,1.00000,81.36840,0.03253
1,522,1.00000,81.40190,0.03254
1,523,1.00000,81.43530,0.03255
1,524,1.00000,81.46880,0.03256
1,525,1.00000,81.50220,0.03257
1,526,1.00000,81.53560,0.03258
1,527,1.00000,81.56900,0.03259
1,528,1.00000,81.60230,0.03260
1,529,1.00000,81.63560,0.03261
1,530,1.00000,81.66890,0.03261
1,531,1.00000,81.70210,0.03262
1,532,1.00000,81.73530,0.03263
1,533,1.00000,81.76850,0.03264
1,534,1.00000,81.80170,0.03265
1,535,1.00000,81.83480,0.03266
1,536,1.00000,81.86790,0.03267
1,537,1.00000,81.90090,0.03268
1,538,1.00000,81.93400,0.03269
1,539,1.00000,81.96700,0.03270
1,540,1.00000,82.00000,0.03271
1,541,1.00000,82.03290,0.03272
1,542,1.00000,82.06590,0.03273
1,543,1.00000,82.09870,0.03274
1,544,1.00000,82.13160,0.03275
1,545,1.00000,82.16440,0.03276
1,546,1.00000,82.19730,0.03277
1,547,1.00000,82.23000,0.03278
1,548,1.00000,82.26280,0.03279
1,549,1.00000,82.29550,0.03280
1,550,1.00000,82.32820,0.03281
1,551,1.00000,82.36090,0.03282
1,552,1.00000,82.39350,0.03283
1,553,1.00000,82.42610,0.03284
1,554,1.00000,82.45870,0.03285
1,555,1.00000,82.49120,0.03286
1,556,1.00000,82.52370,0.03287
1,557,1.00000,82.55620,0.03288
1,558,1.00000,82.58870,0.03289
1,559,1.00000,82.62110,0.03290
1,560,1.00000,82.65350,0.03291
1,561,1.00000,82.68590,0.03292
1,562,1.00000,82.71820,0.03293
1,563,1.00000,82.75050,0.03294
1,564,1.00000,82.78280,0.03295
1,565,1.00000,82.81510,0.03296
1,566,1.00000,82.84730,0.03297
1,567,1.00000,82.87950,0.03298
1,568,1.00000,82.91170,0.03299
1,569,1.00000,82.94380,0.03300
1,570,1.00000,82.97590,0.03301
1,571,1.00000,83.00800,0.03302
1,572,1.00000,83.04000,0.03303
1,573,1.00000,83.07210,0.03304
1,574,1.00000,83.10410,0.03305
1,575,1.00000,83.13600,0.03306
1,576,1.00000,83.16800,0.03308
1,577,1.00000,83.19990,0.03309
1,578,1.00000,83.23180,0.03310
1,579,1.00000,83.26370,0.03311
1,580,1.00000,83.29550,0.03312
1,581,1.00000,83.32730,0.03313
1,582,1.00000,83.35910,0.03314
1,583,1.00000,83.39080,0.03315
1,584,1.00000,83.42260,0.03316
1,585,1.00000,83.45430,0.03317
1,586,1.00000,83.48590,0.03318
1,587,1.00000,83.51760,0.03319
1,588,1.00000,83.54920,0.03320
1,589,1.00000,83.58080,0.03321
1,590,1.00000,83.61240,0.03322
1,591,1.00000,83.64390,0.03323
1,592,1.00000,83.67540,0.03324
1,593,1.00000,83.70690,0.03325
1,594,1.00000,83.73840,0.03326
1,595,1.00000,83.76980,0.03327
1,596,1.00000,83.80120,0.03329
1,597,1.00000,83.83260,0.03330
1,598,1.00000,83.86400,0.03331
1,599,1.00000,83.89530,0.03332
1,600,1.00000,83.92670,0.03333
1,601,1.00000,83.95790,0.03334
1,602,1.00000,83.98920,0.03335
1,603,1.00000,84.02050,0.03336
1,604,1.00000,84.05170,0.03337
1,605,1.00000,84.08290,0.03338
1,606,1.00000,84.11400,0.03339
1,607,1.00000,84.14520,0.03340
1,608,1.00000,84.17630,0.03341
1,609,1.00000,84.20740,0.03342
1,610,1.00000,84.23850,0.03344
1,611,1.00000,84.26950,0.03345
1,612,1.00000,84.30060,0.03346
1,613,1.00000,84.33160,0.03347
1,614,1.00000,84.36260,0.03348
1,615,1.00000,84.39350,0.03349
1,616,1.00000,84.42450,0.03350
1,617,1.00000,84.45540,0.03351
1,618,1.00000,84.48620,0.03352
1,619,1.00000,84.51710,0.03353
1,620,1.00000,84.54790,0.03354
1,621,1.00000,84.57870,0.03356
1,622,1.00000,84.60950,0.03357
1,623,1.00000,84.64030,0.03358
1,624,1.00000,84.67100,0.03359
1,625,1.00000,84.70170,0.03360
1,626,1.00000,84.73240,0.03361
1,627,1.00000,84.76310,0.03362
1,628,1.00000,84.79370,0.03363
1,629,1.00000,84.82430,0.03364
1,630,1.00000,84.85490,0.03365
1,631,1.00000,84.88550,0.03367
1,632,1.00000,84.91600,0.03368
1,633,1.00000,84.94650,0.03369
1,634,1.00000,84.97700,0.03370
1,635,1.00000,85.00750,0.03371
1,636,1.00000,85.03790,0.03372
1,637,1.00000,85.06830,0.03373
1,638,1.00000,85.09870,0.03374
1,639,1.00000,85.12910,0.03375
1,640,1.00000,85.15940,0.03377
1,641,1.00000,85.18970,0.03378
1,642,1.00000,85.22000,0.03379
1,643,1.00000,85.25030,0.03380
1,644,1.00000,85.28050,0.03381
1,645,1.00000,85.31080,0.03382
1,646,1.00000,85.34100,0.03383
1,647,1.00000,85.37110,0.03384
1,648,1.00000,85.40130,0.03385
1,649,1.00000,85.43140,0.03387
1,650,1.00000,85.46150,0.03388
1,651,1.00000,85.49160,0.03389
1,652,1.00000,85.52170,0.03390
1,653,1.00000,85.55170,0.03391
1,654,1.00000,85.58170,0.03392
1,655,1.00000,85.61170,0.03393
1,656,1.00000,85.64170,0.03394
1,657,1.00000,85.67160,0.03396
1,658,1.00000,85.70150,0.03397
1,659,1.00000,85.73140,0.03398
1,660,1.00000,85.76130,0.03399
1,661,1.00000,85.79120,0.03400
1,662,1.00000,85.82100,0.03401
1,663,1.00000,85.85080,0.03402
1,664,1.00000,85.88060,0.03404
1,665,1.00000,85.91040,0.03405
1,666,1.00000,85.94010,0.03406
1,667,1.00000,85.96980,0.03407
1,668,1.00000,85.99950,0.03408
1,669,1.00000,86.02920,0.03409
1,670,1.00000,86.05890,0.03410
1,671,1.00000,86.08850,0.03411
1,672,1.00000,86.11810,0.03413
1,673,1.00000,86.14770,0.03414
1,674,1.00000,86.17730,0.03415
1,675,1.00000,86.20680,0.03416
1,676,1.00000,86.23630,0.03417
1,677,1.00000,86.26590,0.03418
1,678,1.00000,86.29540,0.03419
1,679,1.00000,86.32480,0.03421
1,680,1.00000,86.35430,0.03422
1,681,1.00000,86.38370,0.03423
1,682,1.00000,86.41310,0.03424
1,683,1.00000,86.44250,0.03425
1,684,1.00000,86.47190,0.03426
1,685,1.00000,86.50120,0.03427
1,686,1.00000,86.53060,0.03429
1,687,1.00000,86.55990,0.03430
1,688,1.00000,86.58920,0.03431
1,689,1.00000,86.61840,0.03432
1,690,1.00000,86.64770,0.03433
1,691,1.00000,86.67690,0.03434
1,692,1.00000,86.70610,0.03435
1,693,1.00000,86.73530,0.03437
1,694,1.00000,86.76450,0.03438
1,695,1.00000,86.79370,0.03439
1,696,1.00000,86.82280,0.03440
1,697,1.00000,86.85190,0.03441
1,698,1.00000,86.88100,0.03442
1,699,1.00000,86.91010,0.03443
1,700,1.00000,86.93920,0.03445
1,701,1.00000,86.96820,0.03446
1,702,1.00000,86.99720,0.03447
1,703,1.00000,87.02620,0.03448
1,704,1.00000,87.05520,0.03449
1,705,1.00000,87.08420,0.03450
1,706,1.00000,87.11310,0.03451
1,707,1.00000,87.14200,0.03453
1,708,1.00000,87.17090,0.03454
1,709,1.00000,87.19980,0.03455
1,710,1.00000,87.22870,0.03456
1,711,1.00000,87.25750,0.03457
1,712,1.00000,87.28630,0.03458
1,713,1.00000,87.31510,0.03459
1,714,1.00000,87.34390,0.03461
1,715,1.00000,87.37270,0.03462
1,716,1.00000,87.40140,0.03463
1,717,1.00000,87.43020,0.03464
1,718,1.00000,87.45890,0.03465
1,719,1.00000,87.48760,0.03466
1,720,1.00000,87.51620,0.03467
1,721,1.00000,87.54490,0.03469
1,722,1.00000,87.57350,0.03470
1,723,1.00000,87.60210,0.03471
1,724,1.00000,87.63070,0.03472
1,725,1.00000,87.65930,0.03473
1,726,1.00000,87.68780,0.03474
1,727,1.00000,87.71640,0.03475
1,728,1.00000,87.74490,0.03477
1,729,1.00000,87.77340,0.03478
1,730,1.00000,87.80180,0.03479
1,731,1.00000,87.13030,0.03508
1,732,1.00000,87.15870,0.03509
1,733,1.00000,87.18710,0.03510
1,734,1.00000,87.21550,0.03511
1,735,1.00000,87.24390,0.03513
1,736,1.00000,87.27220,0.03514
1,737,1.00000,87.30060,0.03515
1,738,1.00000,87.32890,0.03516
1,739,1.00000,87.35710,0.03517
1,740,1.00000,87.38540,0.03518
1,741,1.00000,87.41360,0.03519
1,742,1.00000,87.44190,0.03521
1,743,1.00000,87.47010,0.03522
1,744,1.00000,87.49820,0.03523
1,745,1.00000,87.52640,0.03524
1,746,1.00000,87.55450,0.03525
1,747,1.00000,87.58260,0.03526
1,748,1.00000,87.61070,0.03527
1,749,1.00000,87.63880,0.03528
1,750,1.00000,87.66680,0.03530
1,751,1.00000,87.69480,0.03531
1,752,1.00000,87.72280,0.03532
1,753,1.00000,87.75080,0.03533
1,754,1.00000,87.77880,0.03534
1,755,1.00000,87.80670,0.03535
1,756,1.00000,87.83460,0.03536
1,757,1.00000,87.86250,0.03538
1,758,1.00000,87.89030,0.03539
1,759,1.00000,87.91810,0.03540
1,760,1.00000,87.94600,0.03541
1,761,1.00000,87.97370,0.03542
1,762,1.00000,88.00150,0.03543
1,763,1.00000,88.02920,0.03544
1,764,1.00000,88.05700,0.03545
1,765,1.00000,88.08460,0.03547
1,766,1.00000,88.11230,0.03548
1,767,1.00000,88.14000,0.03549
1,768,1.00000,88.16760,0.03550
1,769,1.00000,88.19520,0.03551
1,770,1.00000,88.22280,0.03552
1,771,1.00000,88.25030,0.03553
1,772,1.00000,88.27780,0.03555
1,773,1.00000,88.30530,0.03556
1,774,1.00000,88.33280,0.03557
1,775,1.00000,88.36030,0.03558
1,776,1.00000,88.38770,0.03559
1,777,1.00000,88.41510,0.03560
1,778,1.00000,88.44250,0.03561
1,779,1.00000,88.46990,0.03562
1,780,1.00000,88.49720,0.03564
1,781,1.00000,88.52450,0.03565
1,782,1.00000,88.55180,0.03566
1,783,1.00000,88.57910,0.03567
1,784,1.00000,88.60630,0.03568
1,785,1.00000,88.63350,0.03569
1,786,1.00000,88.66070,0.03570
1,787,1.00000,88.68790,0.03571
1,788,1.00000,88.71500,0.03572
1,789,1.00000,88.74220,0.03574
1,790,1.00000,88.76930,0.03575
1,791,1.00000,88.79640,0.03576
1,792,1.00000,88.82340,0.03577
1,793,1.00000,88.85040,0.03578
1,794,1.00000,88.87750,0.03579
1,795,1.00000,88.90440,0.03580
1,796,1.00000,88.93140,0.03581
1,797,1.00000,88.95840,0.03582
1,798,1.00000,88.98530,0.03584
1,799,1.00000,89.01220,0.03585
1,800,1.00000,89.03910,0.03586
1,801,1.00000,89.06590,0.03587
1,802,1.00000,89.09270,0.03588
1,803,1.00000,89.11950,0.03589
1,804,1.00000,89.14630,0.03590
1,805,1.00000,89.17310,0.03591
1,806,1.00000,89.19980,0.03592
1,807,1.00000,89.22660,0.03593
1,808,1.00000,89.25330,0.03595
1,809,1.00000,89.27990,0.03596
1,810,1.00000,89.30660,0.03597
1,811,1.00000,89.33320,0.03598
1,812,1.00000,89.35980,0.03599
1,813,1.00000,89.38640,0.03600
1,814,1.00000,89.41300,0.03601
1,815,1.00000,89.43950,0.03602
1,816,1.00000,89.46600,0.03603
1,817,1.00000,89.49250,0.03604
1,818,1.00000,89.51900,0.03605
1,819,1.00000,89.54550,0.03607
1,820,1.00000,89.57190,0.03608
1,821,1.00000,89.59830,0.03609
1,822,1.00000,89.62470,0.03610
1,823,1.00000,89.65100,0.03611
1,824,1.00000,89.67740,0.03612
1,825,1.00000,89.70370,0.03613
1,826,1.00000,89.73000,0.03614
1,827,1.00000,89.75630,0.03615
1,828,1.00000,89.78250,0.03616
1,829,1.00000,89.80870,0.03617
1,830,1.00000,89.83490,0.03618
1,831,1.00000,89.86110,0.03620
1,832,1.00000,89.88730,0.03621
1,833,1.00000,89.91340,0.03622
1,834,1.00000,89.93950,0.03623
1,835,1.00000,89.96560,0.03624
1,836,1.00000,89.99170,0.03625
1,837,1.00000,90.01770,0.03626
1,838,1.00000,90.04370,0.03627
1,839,1.00000,90.06970,0.03628
1,840,1.00000,90.09570,0.03629
1,841,1.00000,90.12160,0.03630
1,842,1.00000,90.14760,0.03631
1,843,1.00000,90.17350,0.03632
1,844,1.00000,90.19940,0.03633
1,845,1.00000,90.22520,0.03634
1,846,1.00000,90.25100,0.03636
1,847,1.00000,90.27690,0.03637
1,848,1.00000,90.30260,0.03638
1,849,1.00000,90.32840,0.03639
1,850,1.00000,90.35410,0.03640
1,851,1.00000,90.37990,0.03641
1,852,1.00000,90.40560,0.03642
1,853,1.00000,90.43120,0.03643
1,854,1.00000,90.45690,0.03644
1,855,1.00000,90.48250,0.03645
1,856,1.00000,90.50810,0.03646
1,857,1.00000,90.53370,0.03647
1,858,1.00000,90.55920,0.03648
1,859,1.00000,90.58480,0.03649
1,860,1.00000,90.61030,0.03650
1,861,1.00000,90.63580,0.03651
1,862,1.00000,90.66120,0.03652
1,863,1.00000,90.68670,0.03653
1,864,1.00000,90.71210,0.03654
1,865,1.00000,90.73750,0.03655
1,866,1.00000,90.76280,0.03656
1,867,1.00000,90.78820,0.03657
1,868,1.00000,90.81350,0.03659
1,869,1.00000,90.83880,0.03660
1,870,1.00000,90.86410,0.03661
1,871,1.00000,90.88930,0.03662
1,872,1.00000,90.91460,0.03663
1,873,1.00000,90.93980,0.03664
1,874,1.00000,90.96500,0.03665
1,875,1.00000,90.99010,0.03666
1,876,1.00000,91.01530,0.03667
1,877,1.00000,91.04040,0.03668
1,878,1.00000,91.06550,0.03669
1,879,1.00000,91.09050,0.03670
1,880,1.00000,91.11560,0.03671
1,881,1.00000,91.14060,0.03672
1,882,1.00000,91.16560,0.03673
1,883,1.00000,91.19060,0.03674
1,884,1.00000,91.21550,0.03675
1,885,1.00000,91.24050,0.03676
1,886,1.00000,91.26540,0.03677
1,887,1.00000,91.29030,0.03678
1,888,1.00000,91.31510,0.03679
1,889,1.00000,91.34000,0.03680
1,890,1.00000,91.36480,0.03681
1,891,1.00000,91.38960,0.03682
1,892,1.00000,91.41440,0.03683
1,893,1.00000,91.43910,0.03684
1,894,1.00000,91.46390,0.03685
1,895,1.00000,91.48860,0.03686
1,896,1.00000,91.51330,0.03687
1,897,1.00000,91.53790,0.03688
1,898,1.00000,91.56260,0.03689
1,899,1.00000,91.58720,0.03690
1,900,1.00000,91.61180,0.03691
1,901,1.00000,91.63640,0.03692
1,902,1.00000,91.66090,0.03693
1,903,1.00000,91.68550,0.03694
1,904,1.00000,91.71000,0.03695
1,905,1.00000,91.73450,0.03696
1,906,1.00000,91.75900,0.03697
1,907,1.00000,91.78340,0.03698
1,908,1.00000,91.80780,0.03699
1,909,1.00000,91.83230,0.03700
1,910,1.00000,91.85660,0.03701
1,911,1.00000,91.88100,0.03702
1,912,1.00000,91.90530,0.03703
1,913,1.00000,91.92970,0.03704
1,914,1.00000,91.95400,0.03705
1,915,1.00000,91.97830,0.03706
1,916,1.00000,92.00250,0.03707
1,917,1.00000,92.02680,0.03708
1,918,1.00000,92.05100,0.03709
1,919,1.00000,92.07520,0.03710
1,920,1.00000,92.09930,0.03711
1,921,1.00000,92.12350,0.03711
1,922,1.00000,92.14760,0.03712
1,923,1.00000,92.17170,0.03713
1,924,1.00000,92.19580,0.03714
1,925,1.00000,92.21990,0.03715
1,926,1.00000,92.24400,0.03716
1,927,1.00000,92.26800,0.03717
1,928,1.00000,92.29200,0.03718
1,929,1.00000,92.31600,0.03719
1,930,1.00000,92.34000,0.03720
1,931,1.00000,92.36390,0.03721
1,932,1.00000,92.38790,0.03722
1,933,1.00000,92.41180,0.03723
1,934,1.00000,92.43570,0.03724
1,935,1.00000,92.45950,0.03725
1,936,1.00000,92.48340,0.03726
1,937,1.00000,92.50720,0.03727
1,938,1.00000,92.53100,0.03728
1,939,1.00000,92.55480,0.03729
1,940,1.00000,92.57860,0.03730
1,941,1.00000,92.60230,0.03730
1,942,1.00000,92.62610,0.03731
1,943,1.00000,92.64980,0.03732
1,944,1.00000,92.67350,0.03733
1,945,1.00000,92.69710,0.03734
1,946,1.00000,92.72080,0.03735
1,947,1.00000,92.74440,0.03736
1,948,1.00000,92.76800,0.03737
1,949,1.00000,92.79160,0.03738
1,950,1.00000,92.81520,0.03739
1,951,1.00000,92.83880,0.03740
1,952,1.00000,92.86230,0.03741
1,953,1.00000,92.88580,0.03742
1,954,1.00000,92.90930,0.03743
1,955,1.00000,92.93280,0.03743
1,956,1.00000,92.95620,0.03744
1,957,1.00000,92.97970,0.03745
1,958,1.00000,93.00310,0.03746
1,959,1.00000,93.02650,0.03747
1,960,1.00000,93.04990,0.03748
1,961,1.00000,93.07320,0.03749
1,962,1.00000,93.09660,0.03750
1,963,1.00000,93.11990,0.03751
1,964,1.00000,93.14320,0.03752
1,965,1.00000,93.16650,0.03753
1,966,1.00000,93.18980,0.03753
1,967,1.00000,93.21300,0.03754
1,968,1.00000,93.23630,0.03755
1,969,1.00000,93.25950,0.03756
1,970,1.00000,93.28270,0.03757
1,971,1.00000,93.30590,0.03758
1,972,1.00000,93.32900,0.03759
1,973,1.00000,93.35220,0.03760
1,974,1.00000,93.37530,0.03761
1,975,1.00000,93.39840,0.03762
1,976,1.00000,93.42150,0.03762
1,977,1.00000,93.44460,0.03763
1,978,1.00000,93.46760,0.03764
1,979,1.00000,93.49060,0.03765
1,980,1.00000,93.51370,0.03766
1,981,1.00000,93.53670,0.03767
1,982,1.00000,93.55960,0.03768
1,983,1.00000,93.58260,0.03769
1,984,1.00000,93.60560,0.03769
1,985,1.00000,93.62850,0.03770
1,986,1.00000,93.65140,0.03771
1,987,1.00000,93.67430,0.03772
1,988,1.00000,93.69720,0.03773
1,989,1.00000,93.72010,0.03774
1,990,1.00000,93.74290,0.03775
1,991,1.00000,93.76580,0.03776
1,992,1.00000,93.78860,0.03776
1,993,1.00000,93.81140,0.03777
1,994,1.00000,93.83420,0.03778
1,995,1.00000,93.85690,0.03779
1,996,1.00000,93.87970,0.03780
1,997,1.00000,93.90240,0.03781
1,998,1.00000,93.92520,0.03782
1,999,1.00000,93.94790,0.03782
1,1000,1.00000,93.97060,0.03783
1,1001,1.00000,93.99320,0.03784
1,1002,1.00000,94.01590,0.03785
1,1003,1.00000,94.03850,0.03786
1,1004,1.00000,94.06120,0.03787
1,1005,1.00000,94.08380,0.03788
1,1006,1.00000,94.10640,0.03788
1,1007,1.00000,94.12900,0.03789
1,1008,1.00000,94.15160,0.03790
1,1009,1.00000,94.17410,0.03791
1,1010,1.00000,94.19670,0.03792
1,1011,1.00000,94.21920,0.03793
1,1012,1.00000,94.24170,0.03793
1,1013,1.00000,94.26420,0.03794
1,1014,1.00000,94.28670,0.03795
1,1015,1.00000,94.30920,0.03796
1,1016,1.00000,94.33170,0.03797
1,1017,1.00000,94.35410,0.03798
1,1018,1.00000,94.37650,0.03798
1,1019,1.00000,94.39900,0.03799
1,1020,1.00000,94.42140,0.03800
1,1021,1.00000,94.44380,0.03801
1,1022,1.00000,94.46620,0.03802
1,1023,1.00000,94.48850,0.03802
1,1024,1.00000,94.51090,0.03803
1,1025,1.00000,94.53320,0.03804
1,1026,1.00000,94.55560,0.03805
1,1027,1.00000,94.57790,0.03806
1,1028,1.00000,94.60020,0.03807
1,1029,1.00000,94.62250,0.03807
1,1030,1.00000,94.64470,0.03808
1,1031,1.00000,94.66700,0.03809
1,1032,1.00000,94.68930,0.03810
1,1033,1.00000,94.71150,0.03811
1,1034,1.00000,94.73370,0.03811
1,1035,1.00000,94.75590,0.03812
1,1036,1.00000,94.77820,0.03813
1,1037,1.00000,94.80030,0.03814
1,1038,1.00000,94.82250,0.03815
1,1039,1.00000,94.84470,0.03815
1,1040,1.00000,94.86680,0.03816
1,1041,1.00000,94.88900,0.03817
1,1042,1.00000,94.91110,0.03818
1,1043,1.00000,94.93320,0.03819
1,1044,1.00000,94.95530,0.03819
1,1045,1.00000,94.97740,0.03820
1,1046,1.00000,94.99950,0.03821
1,1047,1.00000,95.02160,0.03822
1,1048,1.00000,95.04360,0.03822
1,1049,1.00000,95.06570,0.03823
1,1050,1.00000,95.08770,0.03824
1,1051,1.00000,95.10970,0.03825
1,1052,1.00000,95.13170,0.03826
1,1053,1.00000,95.15370,0.03826
1,1054,1.00000,95.17570,0.03827
1,1055,1.00000,95.19770,0.03828
1,1056,1.00000,95.21970,0.03829
1,1057,1.00000,95.24160,0.03829
1,1058,1.00000,95.26360,0.03830
1,1059,1.00000,95.28550,0.03831
1,1060,1.00000,95.30740,0.03832
1,1061,1.00000,95.32930,0.03833
1,1062,1.00000,95.35120,0.03833
1,1063,1.00000,95.37310,0.03834
1,1064,1.00000,95.39490,0.03835
1,1065,1.00000,95.41680,0.03836
1,1066,1.00000,95.43860,0.03836
1,1067,1.00000,95.46050,0.03837
1,1068,1.00000,95.48230,0.03838
1,1069,1.00000,95.50410,0.03839
1,1070,1.00000,95.52590,0.03839
1,1071,1.00000,95.54770,0.03840
1,1072,1.00000,95.56950,0.03841
1,1073,1.00000,95.59130,0.03842
1,1074,1.00000,95.61300,0.03842
1,1075,1.00000,95.63480,0.03843
1,1076,1.00000,95.65650,0.03844
1,1077,1.00000,95.67820,0.03845
1,1078,1.00000,95.69990,0.03845
1,1079,1.00000,95.72160,0.03846
1,1080,1.00000,95.74330,0.03847
1,1081,1.00000,95.76500,0.03848
1,1082,1.00000,95.78670,0.03848
1,1083,1.00000,95.80830,0.03849
1,1084,1.00000,95.83000,0.03850
1,1085,1.00000,95.85160,0.03850
1,1086,1.00000,95.87320,0.03851
1,1087,1.00000,95.89480,0.03852
1,1088,1.00000,95.91650,0.03853
1,1089,1.00000,95.93800,0.03853
1,1090,1.00000,95.95960,0.03854
1,1091,1.00000,95.98120,0.03855
1,1092,1.00000,96.00280,0.03856
1,1093,1.00000,96.02430,0.03856
1,1094,1.00000,96.04590,0.03857
1,1095,1.00000,96.06740,0.03858
1,1096,1.00000,96.08890,0.03858
1,1097,1.00000,96.11040,0.03859
1,1098,1.00000,96.13190,0.03860
1,1099,1.00000,96.15340,0.03861
1,1100,1.00000,96.17490,0.03861
1,1101,1.00000,96.19640,0.03862
1,1102,1.00000,96.21780,0.03863
1,1103,1.00000,96.23930,0.03863
1,1104,1.00000,96.26070,0.03864
1,1105,1.00000,96.28210,0.03865
1,1106,1.00000,96.30350,0.03866
1,1107,1.00000,96.32500,0.03866
1,1108,1.00000,96.34640,0.03867
1,1109,1.00000,96.36770,0.03868
1,1110,1.00000,96.38910,0.03868
1,1111,1.00000,96.41050,0.03869
1,1112,1.00000,96.43180,0.03870
1,1113,1.00000,96.45320,0.03870
1,1114,1.00000,96.47450,0.03871
1,1115,1.00000,96.49580,0.03872
1,1116,1.00000,96.51720,0.03873
1,1117,1.00000,96.53850,0.03873
1,1118,1.00000,96.55980,0.03874
1,1119,1.00000,96.58100,0.03875
1,1120,1.00000,96.60230,0.03875
1,1121,1.00000,96.62360,0.03876
1,1122,1.00000,96.64480,0.03877
1,1123,1.00000,96.66610,0.03877
1,1124,1.00000,96.68730,0.03878
1,1125,1.00000,96.70850,0.03879
1,1126,1.00000,96.72980,0.03879
1,1127,1.00000,96.75100,0.03880
1,1128,1.00000,96.77220,0.03881
1,1129,1.00000,96.79330,0.03881
1,1130,1.00000,96.81450,0.03882
1,1131,1.00000,96.83570,0.03883
1,1132,1.00000,96.85680,0.03883
1,1133,1.00000,96.87800,0.03884
1,1134,1.00000,96.89910,0.03885
1,1135,1.00000,96.92030,0.03885
1,1136,1.00000,96.94140,0.03886
1,1137,1.00000,96.96250,0.03887
1,1138,1.00000,96.98360,0.03887
1,1139,1.00000,97.00470,0.03888
1,1140,1.00000,97.02580,0.03889
1,1141,1.00000,97.04680,0.03889
1,1142,1.00000,97.06790,0.03890
1,1143,1.00000,97.08890,0.03891
1,1144,1.00000,97.11000,0.03891
1,1145,1.00000,97.13100,0.03892
1,1146,1.00000,97.15210,0.03893
1,1147,1.00000,97.17310,0.03893
1,1148,1.00000,97.19410,0.03894
1,1149,1.00000,97.21510,0.03895
1,1150,1.00000,97.23610,0.03895
1,1151,1.00000,97.25700,0.03896
1,1152,1.00000,97.27800,0.03897
1,1153,1.00000,97.29900,0.03897
1,1154,1.00000,97.31990,0.03898
1,1155,1.00000,97.34090,0.03899
1,1156,1.00000,97.36180,0.03899
1,1157,1.00000,97.38270,0.03900
1,1158,1.00000,97.40360,0.03901
1,1159,1.00000,97.42450,0.03901
1,1160,1.00000,97.44540,0.03902
1,1161,1.00000,97.46630,0.03902
1,1162,1.00000,97.48720,0.03903
1,1163,1.00000,97.50810,0.03904
1,1164,1.00000,97.52890,0.03904
1,1165,1.00000,97.54980,0.03905
1,1166,1.00000,97.57060,0.03906
1,1167,1.00000,97.59140,0.03906
1,1168,1.00000,97.61230,0.03907
1,1169,1.00000,97.63310,0.03908
1,1170,1.00000,97.65390,0.03908
1,1171,1.00000,97.67470,0.03909
1,1172,1.00000,97.69540,0.03909
1,1173,1.00000,97.71620,0.03910
1,1174,1.00000,97.73700,0.03911
1,1175,1.00000,97.75770,0.03911
1,1176,1.00000,97.77850,0.03912
1,1177,1.00000,97.79920,0.03913
1,1178,1.00000,97.81990,0.03913
1,1179,1.00000,97.84060,0.03914
1,1180,1.00000,97.86140,0.03914
1,1181,1.00000,97.88210,0.03915
1,1182,1.00000,97.90270,0.03916
1,1183,1.00000,97.92340,0.03916
1,1184,1.00000,97.94410,0.03917
1,1185,1.00000,97.96470,0.03917
1,1186,1.00000,97.98540,0.03918
1,1187,1.00000,98.00600,0.03919
1,1188,1.00000,98.02670,0.03919
1,1189,1.00000,98.04730,0.03920
1,1190,1.00000,98.06790,0.03920
1,1191,1.00000,98.08850,0.03921
1,1192,1.00000,98.10910,0.03922
1,1193,1.00000,98.12970,0.03922
1,1194,1.00000,98.15030,0.03923
1,1195,1.00000,98.17080,0.03924
1,1196,1.00000,98.19140,0.03924
1,1197,1.00000,98.21190,0.03925
1,1198,1.00000,98.23250,0.03925
1,1199,1.00000,98.25300,0.03926
1,1200,1.00000,98.27350,0.03927
1,1201,1.00000,98.29400,0.03927
1,1202,1.00000,98.31450,0.03928
1,1203,1.00000,98.33500,0.03928
1,1204,1.00000,98.35550,0.03929
1,1205,1.00000,98.37590,0.03929
1,1206,1.00000,98.39640,0.03930
1,1207,1.00000,98.41690,0.03931
1,1208,1.00000,98.43730,0.03931
1,1209,1.00000,98.45770,0.03932
1,1210,1.00000,98.47820,0.03932
1,1211,1.00000,98.49860,0.03933
1,1212,1.00000,98.51900,0.03934
1,1213,1.00000,98.53940,0.03934
1,1214,1.00000,98.55980,0.03935
1,1215,1.00000,98.58010,0.03935
1,1216,1.00000,98.60050,0.03936
1,1217,1.00000,98.62090,0.03937
1,1218,1.00000,98.64120,0.03937
1,1219,1.00000,98.66150,0.03938
1,1220,1.00000,98.68190,0.03938
1,1221,1.00000,98.70220,0.03939
1,1222,1.00000,98.72250,0.03939
1,1223,1.00000,98.74280,0.03940
1,1224,1.00000,98.76310,0.03941
1,1225,1.00000,98.78340,0.03941
1,1226,1.00000,98.80360,0.03942
1,1227,1.00000,98.82390,0.03942
1,1228,1.00000,98.84420,0.03943
1,1229,1.00000,98.86440,0.03943
1,1230,1.00000,98.88460,0.03944
1,1231,1.00000,98.90490,0.03945
1,1232,1.00000,98.92510,0.03945
1,1233,1.00000,98.94530,0.03946
1,1234,1.00000,98.96550,0.03946
1,1235,1.00000,98.98570,0.03947
1,1236,1.00000,99.00580,0.03947
1,1237,1.00000,99.02600,0.03948
1,1238,1.00000,99.04610,0.03949
1,1239,1.00000,99.06630,0.03949
1,1240,1.00000,99.08640,0.03950
1,1241,1.00000,99.10650,0.03950
1,1242,1.00000,99.12670,0.03951
1,1243,1.00000,99.14680,0.03951
1,1244,1.00000,99.16690,0.03952
1,1245,1.00000,99.18690,0.03952
1,1246,1.00000,99.20700,0.03953
1,1247,1.00000,99.22710,0.03954
1,1248,1.00000,99.24710,0.03954
1,1249,1.00000,99.26720,0.03955
1,1250,1.00000,99.28720,0.03955
1,1251,1.00000,99.30720,0.03956
1,1252,1.00000,99.32720,0.03956
1,1253,1.00000,99.34720,0.03957
1,1254,1.00000,99.36720,0.03957
1,1255,1.00000,99.38720,0.03958
1,1256,1.00000,99.40720,0.03958
1,1257,1.00000,99.42720,0.03959
1,1258,1.00000,99.44710,0.03960
1,1259,1.00000,99.46710,0.03960
1,1260,1.00000,99.48700,0.03961
1,1261,1.00000,99.50690,0.03961
1,1262,1.00000,99.52680,0.03962
1,1263,1.00000,99.54670,0.03962
1,1264,1.00000,99.56660,0.03963
1,1265,1.00000,99.58650,0.03963
1,1266,1.00000,99.60640,0.03964
1,1267,1.00000,99.62620,0.03964
1,1268,1.00000,99.64610,0.03965
1,1269,1.00000,99.66600,0.03966
1,1270,1.00000,99.68580,0.03966
1,1271,1.00000,99.70560,0.03967
1,1272,1.00000,99.72540,0.03967
1,1273,1.00000,99.74520,0.03968
1,1274,1.00000,99.76500,0.03968
1,1275,1.00000,99.78480,0.03969
1,1276,1.00000,99.80460,0.03969
1,1277,1.00000,99.82440,0.03970
1,1278,1.00000,99.84410,0.03970
1,1279,1.00000,99.86390,0.03971
1,1280,1.00000,99.88360,0.03971
1,1281,1.00000,99.90340,0.03972
1,1282,1.00000,99.92310,0.03972
1,1283,1.00000,99.94280,0.03973
1,1284,1.00000,99.96250,0.03973
1,1285,1.00000,99.98220,0.03974
1,1286,1.00000,100.00190,0.03975
1,1287,1.00000,100.02160,0.03975
1,1288,1.00000,100.04120,0.03976
1,1289,1.00000,100.06090,0.03976
1,1290,1.00000,100.08050,0.03977
1,1291,1.00000,100.10020,0.03977
1,1292,1.00000,100.11980,0.03978
1,1293,1.00000,100.13940,0.03978
1,1294,1.00000,100.15910,0.03979
1,1295,1.00000,100.17870,0.03979
1,1296,1.00000,100.19830,0.03980
1,1297,1.00000,100.21780,0.03980
1,1298,1.00000,100.23740,0.03981
1,1299,1.00000,100.25700,0.03981
1,1300,1.00000,100.27650,0.03982
1,1301,1.00000,100.29610,0.03982
1,1302,1.00000,100.31560,0.03983
1,1303,1.00000,100.33520,0.03983
1,1304,1.00000,100.35470,0.03984
1,1305,1.00000,100.37420,0.03984
1,1306,1.00000,100.39370,0.03985
1,1307,1.00000,100.41320,0.03985
1,1308,1.00000,100.43270,0.03986
1,1309,1.00000,100.45220,0.03986
1,1310,1.00000,100.47170,0.03987
1,1311,1.00000,100.49110,0.03987
1,1312,1.00000,100.51060,0.03988
1,1313,1.00000,100.53000,0.03988
1,1314,1.00000,100.54950,0.03989
1,1315,1.00000,100.56890,0.03990
1,1316,1.00000,100.58830,0.03990
1,1317,1.00000,100.60770,0.03991
1,1318,1.00000,100.62710,0.03991
1,1319,1.00000,100.64650,0.03992
1,1320,1.00000,100.66590,0.03992
1,1321,1.00000,100.68530,0.03993
1,1322,1.00000,100.70460,0.03993
1,1323,1.00000,100.72400,0.03994
1,1324,1.00000,100.74340,0.03994
1,1325,1.00000,100.76270,0.03995
1,1326,1.00000,100.78200,0.03995
1,1327,1.00000,100.80130,0.03996
1,1328,1.00000,100.82070,0.03996
1,1329,1.00000,100.84000,0.03997
1,1330,1.00000,100.85930,0.03997
1,1331,1.00000,100.87860,0.03998
1,1332,1.00000,100.89780,0.03998
1,1333,1.00000,100.91710,0.03999
1,1334,1.00000,100.93640,0.03999
1,1335,1.00000,100.95560,0.04000
1,1336,1.00000,100.97490,0.04000
1,1337,1.00000,100.99410,0.04001
1,1338,1.00000,101.01340,0.04001
1,1339,1.00000,101.03260,0.04002
1,1340,1.00000,101.05180,0.04002
1,1341,1.00000,101.07100,0.04003
1,1342,1.00000,101.09020,0.04003
1,1343,1.00000,101.10940,0.04004
1,1344,1.00000,101.12860,0.04004
1,1345,1.00000,101.14770,0.04004
1,1346,1.00000,101.16690,0.04005
1,1347,1.00000,101.18610,0.04005
1,1348,1.00000,101.20520,0.04006
1,1349,1.00000,101.22440,0.04006
1,1350,1.00000,101.24350,0.04007
1,1351,1.00000,101.26260,0.04007
1,1352,1.00000,101.28170,0.04008
1,1353,1.00000,101.30080,0.04008
1,1354,1.00000,101.32000,0.04009
1,1355,1.00000,101.33900,0.04009
1,1356,1.00000,101.35810,0.04010
1,1357,1.00000,101.37720,0.04010
1,1358,1.00000,101.39630,0.04011
1,1359,1.00000,101.41530,0.04011
1,1360,1.00000,101.43440,0.04012
1,1361,1.00000,101.45350,0.04012
1,1362,1.00000,101.47250,0.04013
1,1363,1.00000,101.49150,0.04013
1,1364,1.00000,101.51060,0.04014
1,1365,1.00000,101.52960,0.04014
1,1366,1.00000,101.54860,0.04015
1,1367,1.00000,101.56760,0.04015
1,1368,1.00000,101.58660,0.04016
1,1369,1.00000,101.60560,0.04016
1,1370,1.00000,101.62460,0.04017
1,1371,1.00000,101.64350,0.04017
1,1372,1.00000,101.66250,0.04018
1,1373,1.00000,101.68150,0.04018
1,1374,1.00000,101.70040,0.04019
1,1375,1.00000,101.71940,0.04019
1,1376,1.00000,101.73830,0.04020
1,1377,1.00000,101.75720,0.04020
1,1378,1.00000,101.77620,0.04020
1,1379,1.00000,101.79510,0.04021
1,1380,1.00000,101.81400,0.04021
1,1381,1.00000,101.83290,0.04022
1,1382,1.00000,101.85180,0.04022
1,1383,1.00000,101.87070,0.04023
1,1384,1.00000,101.88960,0.04023
1,1385,1.00000,101.90850,0.04024
1,1386,1.00000,101.92740,0.04024
1,1387,1.00000,101.94620,0.04025
1,1388,1.00000,101.96510,0.04025
1,1389,1.00000,101.98390,0.04026
1,1390,1.00000,102.00280,0.04026
1,1391,1.00000,102.02160,0.04027
1,1392,1.00000,102.04050,0.04027
1,1393,1.00000,102.05930,0.04028
1,1394,1.00000,102.07810,0.04028
1,1395,1.00000,102.09700,0.04029
1,1396,1.00000,102.11580,0.04029
1,1397,1.00000,102.13460,0.04030
1,1398,1.00000,102.15340,0.04030
1,1399,1.00000,102.17220,0.04030
1,1400,1.00000,102.19100,0.04031
1,1401,1.00000,102.20970,0.04031
1,1402,1.00000,102.22850,0.04032
1,1403,1.00000,102.24730,0.04032
1,1404,1.00000,102.26610,0.04033
1,1405,1.00000,102.28480,0.04033
1,1406,1.00000,102.30360,0.04034
1,1407,1.00000,102.32230,0.04034
1,1408,1.00000,102.34110,0.04035
1,1409,1.00000,102.35980,0.04035
1,1410,1.00000,102.37850,0.04036
1,1411,1.00000,102.39720,0.04036
1,1412,1.00000,102.41600,0.04037
1,1413,1.00000,102.43470,0.04037
1,1414,1.00000,102.45340,0.04037
1,1415,1.00000,102.47210,0.04038
1,1416,1.00000,102.49080,0.04038
1,1417,1.00000,102.50950,0.04039
1,1418,1.00000,102.52820,0.04039
1,1419,1.00000,102.54690,0.04040
1,1420,1.00000,102.56550,0.04040
1,1421,1.00000,102.58420,0.04041
1,1422,1.00000,102.60290,0.04041
1,1423,1.00000,102.62150,0.04042
1,1424,1.00000,102.64020,0.04042
1,1425,1.00000,102.65880,0.04043
1,1426,1.00000,102.67750,0.04043
1,1427,1.00000,102.69610,0.04044
1,1428,1.00000,102.71480,0.04044
1,1429,1.00000,102.73340,0.04044
1,1430,1.00000,102.75200,0.04045
1,1431,1.00000,102.77060,0.04045
1,1432,1.00000,102.78930,0.04046
1,1433,1.00000,102.80790,0.04046
1,1434,1.00000,102.82650,0.04047
1,1435,1.00000,102.84510,0.04047
1,1436,1.00000,102.86370,0.04048
1,1437,1.00000,102.88230,0.04048
1,1438,1.00000,102.90090,0.04049
1,1439,1.00000,102.91950,0.04049
1,1440,1.00000,102.93800,0.04050
1,1441,1.00000,102.95660,0.04050
1,1442,1.00000,102.97520,0.04050
1,1443,1.00000,102.99380,0.04051
1,1444,1.00000,103.01230,0.04051
1,1445,1.00000,103.03090,0.04052
1,1446,1.00000,103.04940,0.04052
1,1447,1.00000,103.06800,0.04053
1,1448,1.00000,103.08650,0.04053
1,1449,1.00000,103.10510,0.04054
1,1450,1.00000,103.12360,0.04054
1,1451,1.00000,103.14210,0.04055
1,1452,1.00000,103.16070,0.04055
1,1453,1.00000,103.17920,0.04055
1,1454,1.00000,103.19770,0.04056
1,1455,1.00000,103.21620,0.04056
1,1456,1.00000,103.23480,0.04057
1,1457,1.00000,103.25330,0.04057
1,1458,1.00000,103.27180,0.04058
1,1459,1.00000,103.29030,0.04058
1,1460,1.00000,103.30880,0.04059
1,1461,1.00000,103.32730,0.04059
1,1462,1.00000,103.34580,0.04060
1,1463,1.00000,103.36430,0.04060
1,1464,1.00000,103.38270,0.04060
1,1465,1.00000,103.40120,0.04061
1,1466,1.00000,103.41970,0.04061
1,1467,1.00000,103.43820,0.04062
1,1468,1.00000,103.45660,0.04062
1,1469,1.00000,103.47510,0.04063
1,1470,1.00000,103.49360,0.04063
1,1471,1.00000,103.51200,0.04064
1,1472,1.00000,103.53050,0.04064
1,1473,1.00000,103.54890,0.04065
1,1474,1.00000,103.56740,0.04065
1,1475,1.00000,103.58580,0.04065
1,1476,1.00000,103.60430,0.04066
1,1477,1.00000,103.62270,0.04066
1,1478,1.00000,103.64120,0.04067
1,1479,1.00000,103.65960,0.04067
1,1480,1.00000,103.67800,0.04068
1,1481,1.00000,103.69650,0.04068
1,1482,1.00000,103.71490,0.04069
1,1483,1.00000,103.73330,0.04069
1,1484,1.00000,103.75170,0.04069
1,1485,1.00000,103.77010,0.04070
1,1486,1.00000,103.78850,0.04070
1,1487,1.00000,103.80700,0.04071
1,1488,1.00000,103.82540,0.04071
1,1489,1.00000,103.84380,0.04072
1,1490,1.00000,103.86220,0.04072
1,1491,1.00000,103.88060,0.04073
1,1492,1.00000,103.89900,0.04073
1,1493,1.00000,103.91740,0.04073
1,1494,1.00000,103.93570,0.04074
1,1495,1.00000,103.95410,0.04074
1,1496,1.00000,103.97250,0.04075
1,1497,1.00000,103.99090,0.04075
1,1498,1.00000,104.00930,0.04076
1,1499,1.00000,104.02770,0.04076
1,1500,1.00000,104.04600,0.04077
1,1501,1.00000,104.06440,0.04077
1,1502,1.00000,104.08280,0.04078
1,1503,1.00000,104.10110,0.04078
1,1504,1.00000,104.11950,0.04078
1,1505,1.00000,104.13790,0.04079
1,1506,1.00000,104.15620,0.04079
1,1507,1.00000,104.17460,0.04080
1,1508,1.00000,104.19290,0.04080
1,1509,1.00000,104.21130,0.04081
1,1510,1.00000,104.22960,0.04081
1,1511,1.00000,104.24800,0.04082
1,1512,1.00000,104.26630,0.04082
1,1513,1.00000,104.28470,0.04082
1,1514,1.00000,104.30300,0.04083
1,1515,1.00000,104.32130,0.04083
1,1516,1.00000,104.33970,0.04084
1,1517,1.00000,104.35800,0.04084
1,1518,1.00000,104.37630,0.04085
1,1519,1.00000,104.39470,0.04085
1,1520,1.00000,104.41300,0.04086
1,1521,1.00000,104.43130,0.04086
1,1522,1.00000,104.44960,0.04086
1,1523,1.00000,104.46790,0.04087
1,1524,1.00000,104.48630,0.04087
1,1525,1.00000,104.50460,0.04088
1,1526,1.00000,104.52290,0.04088
1,1527,1.00000,104.54120,0.04089
1,1528,1.00000,104.55950,0.04089
1,1529,1.00000,104.57780,0.04089
1,1530,1.00000,104.59610,0.04090
1,1531,1.00000,104.61440,0.04090
1,1532,1.00000,104.63270,0.04091
1,1533,1.00000,104.65100,0.04091
1,1534,1.00000,104.66930,0.04092
1,1535,1.00000,104.68760,0.04092
1,1536,1.00000,104.70590,0.04093
1,1537,1.00000,104.72420,0.04093
1,1538,1.00000,104.74250,0.04093
1,1539,1.00000,104.76080,0.04094
1,1540,1.00000,104.77910,0.04094
1,1541,1.00000,104.79740,0.04095
1,1542,1.00000,104.81570,0.04095
1,1543,1.00000,104.83390,0.04096
1,1544,1.00000,104.85220,0.04096
1,1545,1.00000,104.87050,0.04097
1,1546,1.00000,104.88880,0.04097
1,1547,1.00000,104.90710,0.04097
1,1548,1.00000,104.92530,0.04098
1,1549,1.00000,104.94360,0.04098
1,1550,1.00000,104.96190,0.04099
1,1551,1.00000,104.98020,0.04099
1,1552,1.00000,104.99840,0.04100
1,1553,1.00000,105.01670,0.04100
1,1554,1.00000,105.03500,0.04100
1,1555,1.00000,105.05320,0.04101
1,1556,1.00000,105.07150,0.04101
1,1557,1.00000,105.08980,0.04102
1,1558,1.00000,105.10800,0.04102
1,1559,1.00000,105.12630,0.04103
1,1560,1.00000,105.14450,0.04103
1,1561,1.00000,105.16280,0.04104
1,1562,1.00000,105.18110,0.04104
1,1563,1.00000,105.19930,0.04104
1,1564,1.00000,105.21760,0.04105
1,1565,1.00000,105.23580,0.04105
1,1566,1.00000,105.25410,0.04106
1,1567,1.00000,105.27230,0.04106
1,1568,1.00000,105.29060,0.04107
1,1569,1.00000,105.30880,0.04107
1,1570,1.00000,105.32710,0.04107
1,1571,1.00000,105.34530,0.04108
1,1572,1.00000,105.36350,0.04108
1,1573,1.00000,105.38180,0.04109
1,1574,1.00000,105.40000,0.04109
1,1575,1.00000,105.41830,0.04110
1,1576,1.00000,105.43650,0.04110
1,1577,1.00000,105.45470,0.04111
1,1578,1.00000,105.47300,0.04111
1,1579,1.00000,105.49120,0.04111
1,1580,1.00000,105.50940,0.04112
1,1581,1.00000,105.52770,0.04112
1,1582,1.00000,105.54590,0.04113
1,1583,1.00000,105.56410,0.04113
1,1584,1.00000,105.58240,0.04114
1,1585,1.00000,105.60060,0.04114
1,1586,1.00000,105.61880,0.04114
1,1587,1.00000,105.63700,0.04115
1,1588,1.00000,105.65530,0.04115
1,1589,1.00000,105.67350,0.04116
1,1590,1.00000,105.69170,0.04116
1,1591,1.00000,105.70990,0.04117
1,1592,1.00000,105.72810,0.04117
1,1593,1.00000,105.74630,0.04117
1,1594,1.00000,105.76460,0.04118
1,1595,1.00000,105.78280,0.04118
1,1596,1.00000,105.80100,0.04119
1,1597,1.00000,105.81920,0.04119
1,1598,1.00000,105.83740,0.04120
1,1599,1.00000,105.85560,0.04120
1,1600,1.00000,105.87380,0.04120
1,1601,1.00000,105.89200,0.04121
1,1602,1.00000,105.91020,0.04121
1,1603,1.00000,105.92840,0.04122
1,1604,1.00000,105.94660,0.04122
1,1605,1.00000,105.96480,0.04123
1,1606,1.00000,105.98300,0.04123
1,1607,1.00000,106.00120,0.04123
1,1608,1.00000,106.01940,0.04124
1,1609,1.00000,106.03760,0.04124
1,1610,1.00000,106.05580,0.04125
1,1611,1.00000,106.07400,0.04125
1,1612,1.00000,106.09220,0.04126
1,1613,1.00000,106.11040,0.04126
1,1614,1.00000,106.12860,0.04127
1,1615,1.00000,106.14670,0.04127
1,1616,1.00000,106.16490,0.04127
1,1617,1.00000,106.18310,0.04128
1,1618,1.00000,106.20130,0.04128
1,1619,1.00000,106.21950,0.04129
1,1620,1.00000,106.23770,0.04129
1,1621,1.00000,106.25580,0.04130
1,1622,1.00000,106.27400,0.04130
1,1623,1.00000,106.29220,0.04130
1,1624,1.00000,106.31040,0.04131
1,1625,1.00000,106.32850,0.04131
1,1626,1.00000,106.34670,0.04132
1,1627,1.00000,106.36490,0.04132
1,1628,1.00000,106.38310,0.04132
1,1629,1.00000,106.40120,0.04133
1,1630,1.00000,106.41940,0.04133
1,1631,1.00000,106.43760,0.04134
1,1632,1.00000,106.45570,0.04134
1,1633,1.00000,106.47390,0.04135
1,1634,1.00000,106.49210,0.04135
1,1635,1.00000,106.51020,0.04135
1,1636,1.00000,106.52840,0.04136
1,1637,1.00000,106.54650,0.04136
1,1638,1.00000,106.56470,0.04137
1,1639,1.00000,106.58290,0.04137
1,1640,1.00000,106.60100,0.04138
1,1641,1.00000,106.61920,0.04138
1,1642,1.00000,106.63730,0.04138
1,1643,1.00000,106.65550,0.04139
1,1644,1.00000,106.67360,0.04139
1,1645,1.00000,106.69180,0.04140
1,1646,1.00000,106.70990,0.04140
1,1647,1.00000,106.72810,0.04141
1,1648,1.00000,106.74620,0.04141
1,1649,1.00000,106.76440,0.04141
1,1650,1.00000,106.78250,0.04142
1,1651,1.00000,106.80060,0.04142
1,1652,1.00000,106.81880,0.04143
1,1653,1.00000,106.83690,0.04143
1,1654,1.00000,106.85510,0.04144
1,1655,1.00000,106.87320,0.04144
1,1656,1.00000,106.89130,0.04144
1,1657,1.00000,106.90950,0.04145
1,1658,1.00000,106.92760,0.04145
1,1659,1.00000,106.94570,0.04146
1,1660,1.00000,106.96390,0.04146
1,1661,1.00000,106.98200,0.04147
1,1662,1.00000,107.00010,0.04147
1,1663,1.00000,107.01830,0.04147
1,1664,1.00000,107.03640,0.04148
1,1665,1.00000,107.05450,0.04148
1,1666,1.00000,107.07270,0.04149
1,1667,1.00000,107.09080,0.04149
1,1668,1.00000,107.10890,0.04149
1,1669,1.00000,107.12700,0.04150
1,1670,1.00000,107.14520,0.04150
1,1671,1.00000,107.16330,0.04151
1,1672,1.00000,107.18140,0.04151
1,1673,1.00000,107.19950,0.04152
1,1674,1.00000,107.21760,0.04152
1,1675,1.00000,107.23580,0.04152
1,1676,1.00000,107.25390,0.04153
1,1677,1.00000,107.27200,0.04153
1,1678,1.00000,107.29010,0.04154
1,1679,1.00000,107.30820,0.04154
1,1680,1.00000,107.32630,0.04154
1,1681,1.00000,107.34440,0.04155
1,1682,1.00000,107.36250,0.04155
1,1683,1.00000,107.38060,0.04156
1,1684,1.00000,107.39880,0.04156
1,1685,1.00000,107.41690,0.04157
1,1686,1.00000,107.43500,0.04157
1,1687,1.00000,107.45310,0.04157
1,1688,1.00000,107.47120,0.04158
1,1689,1.00000,107.48930,0.04158
1,1690,1.00000,107.50740,0.04159
1,1691,1.00000,107.52550,0.04159
1,1692,1.00000,107.54360,0.04160
1,1693,1.00000,107.56170,0.04160
1,1694,1.00000,107.57980,0.04160
1,1695,1.00000,107.59790,0.04161
1,1696,1.00000,107.61600,0.04161
1,1697,1.00000,107.63410,0.04162
1,1698,1.00000,107.65220,0.04162
1,1699,1.00000,107.67020,0.04162
1,1700,1.00000,107.68830,0.04163
1,1701,1.00000,107.70640,0.04163
1,1702,1.00000,107.72450,0.04164
1,1703,1.00000,107.74260,0.04164
1,1704,1.00000,107.76070,0.04165
1,1705,1.00000,107.77880,0.04165
1,1706,1.00000,107.79690,0.04165
1,1707,1.00000,107.81490,0.04166
1,1708,1.00000,107.83300,0.04166
1,1709,1.00000,107.85110,0.04167
1,1710,1.00000,107.86920,0.04167
1,1711,1.00000,107.88730,0.04167
1,1712,1.00000,107.90530,0.04168
1,1713,1.00000,107.92340,0.04168
1,1714,1.00000,107.94150,0.04169
1,1715,1.00000,107.95960,0.04169
1,1716,1.00000,107.97770,0.04169
1,1717,1.00000,107.99570,0.04170
1,1718,1.00000,108.01380,0.04170
1,1719,1.00000,108.03190,0.04171
1,1720,1.00000,108.04990,0.04171
1,1721,1.00000,108.06800,0.04172
1,1722,1.00000,108.08610,0.04172
1,1723,1.00000,108.10410,0.04172
1,1724,1.00000,108.12220,0.04173
1,1725,1.00000,108.14030,0.04173
1,1726,1.00000,108.15830,0.04174
1,1727,1.00000,108.17640,0.04174
1,1728,1.00000,108.19450,0.04174
1,1729,1.00000,108.21250,0.04175
1,1730,1.00000,108.23060,0.04175
1,1731,1.00000,108.24870,0.04176
1,1732,1.00000,108.26670,0.04176
1,1733,1.00000,108.28480,0.04176
1,1734,1.00000,108.30280,0.04177
1,1735,1.00000,108.32090,0.04177
1,1736,1.00000,108.33890,0.04178
1,1737,1.00000,108.35700,0.04178
1,1738,1.00000,108.37500,0.04179
1,1739,1.00000,108.39310,0.04179
1,1740,1.00000,108.41120,0.04179
1,1741,1.00000,108.42920,0.04180
1,1742,1.00000,108.44730,0.04180
1,1743,1.00000,108.46530,0.04181
1,1744,1.00000,108.48330,0.04181
1,1745,1.00000,108.50140,0.04181
1,1746,1.00000,108.51940,0.04182
1,1747,1.00000,108.53750,0.04182
1,1748,1.00000,108.55550,0.04183
1,1749,1.00000,108.57360,0.04183
1,1750,1.00000,108.59160,0.04183
1,1751,1.00000,108.60970,0.04184
1,1752,1.00000,108.62770,0.04184
1,1753,1.00000,108.64570,0.04185
1,1754,1.00000,108.66380,0.04185
1,1755,1.00000,108.68180,0.04185
1,1756,1.00000,108.69980,0.04186
1,1757,1.00000,108.71790,0.04186
1,1758,1.00000,108.73590,0.04187
1,1759,1.00000,108.75390,0.04187
1,1760,1.00000,108.77200,0.04188
1,1761,1.00000,108.79000,0.04188
1,1762,1.00000,108.80800,0.04188
1,1763,1.00000,108.82610,0.04189
1,1764,1.00000,108.84410,0.04189
1,1765,1.00000,108.86210,0.04190
1,1766,1.00000,108.88010,0.04190
1,1767,1.00000,108.89820,0.04190
1,1768,1.00000,108.91620,0.04191
1,1769,1.00000,108.93420,0.04191
1,1770,1.00000,108.95220,0.04192
1,1771,1.00000,108.97020,0.04192
1,1772,1.00000,108.98830,0.04192
1,1773,1.00000,109.00630,0.04193
1,1774,1.00000,109.02430,0.04193
1,1775,1.00000,109.04230,0.04194
1,1776,1.00000,109.06030,0.04194
1,1777,1.00000,109.07830,0.04194
1,1778,1.00000,109.09630,0.04195
1,1779,1.00000,109.11440,0.04195
1,1780,1.00000,109.13240,0.04196
1,1781,1.00000,109.15040,0.04196
1,1782,1.00000,109.16840,0.04196
1,1783,1.00000,109.18640,0.04197
1,1784,1.00000,109.20440,0.04197
1,1785,1.00000,109.22240,0.04198
1,1786,1.00000,109.24040,0.04198
1,1787,1.00000,109.25840,0.04198
1,1788,1.00000,109.27640,0.04199
1,1789,1.00000,109.29440,0.04199
1,1790,1.00000,109.31240,0.04200
1,1791,1.00000,109.33040,0.04200
1,1792,1.00000,109.34840,0.04200
1,1793,1.00000,109.36640,0.04201
1,1794,1.00000,109.38430,0.04201
1,1795,1.00000,109.40230,0.04202
1,1796,1.00000,109.42030,0.04202
1,1797,1.00000,109.43830,0.04202
1,1798,1.00000,109.45630,0.04203
1,1799,1.00000,109.47430,0.04203
1,1800,1.00000,109.49230,0.04204
1,1801,1.00000,109.51020,0.04204
1,1802,1.00000,109.52820,0.04204
1,1803,1.00000,109.54620,0.04205
1,1804,1.00000,109.56420,0.04205
1,1805,1.00000,109.58220,0.04206
1,1806,1.00000,109.60010,0.04206
1,1807,1.00000,109.61810,0.04206
1,1808,1.00000,109.63610,0.04207
1,1809,1.00000,109.65400,0.04207
1,1810,1.00000,109.67200,0.04208
1,1811,1.00000,109.69000,0.04208
1,1812,1.00000,109.70790,0.04208
1,1813,1.00000,109.72590,0.04209
1,1814,1.00000,109.74390,0.04209
1,1815,1.00000,109.76180,0.04210
1,1816,1.00000,109.77980,0.04210
1,1817,1.00000,109.79780,0.04210
1,1818,1.00000,109.81570,0.04211
1,1819,1.00000,109.83370,0.04211
1,1820,1.00000,109.85160,0.04212
1,1821,1.00000,109.86960,0.04212
1,1822,1.00000,109.88750,0.04212
1,1823,1.00000,109.90550,0.04213
1,1824,1.00000,109.92340,0.04213
1,1825,1.00000,109.94140,0.04214
1,1826,1.00000,109.95930,0.04214
1,1827,1.00000,109.97730,0.04214
1,1828,1.00000,109.99520,0.04215
1,1829,1.00000,110.01310,0.04215
1,1830,1.00000,110.03110,0.04216
1,1831,1.00000,110.04900,0.04216
1,1832,1.00000,110.06690,0.04216
1,1833,1.00000,110.08490,0.04217
1,1834,1.00000,110.10280,0.04217
1,1835,1.00000,110.12070,0.04218
1,1836,1.00000,110.13870,0.04218
1,1837,1.00000,110.15660,0.04218
1,1838,1.00000,110.17450,0.04219
1,1839,1.00000,110.19240,0.04219
1,1840,1.00000,110.21040,0.04220
1,1841,1.00000,110.22830,0.04220
1,1842,1.00000,110.24620,0.04220
1,1843,1.00000,110.26410,0.04221
1,1844,1.00000,110.28200,0.04221
1,1845,1.00000,110.30000,0.04222
1,1846,1.00000,110.31790,0.04222
1,1847,1.00000,110.33580,0.04222
1,1848,1.00000,110.35370,0.04223
1,1849,1.00000,110.37160,0.04223
1,1850,1.00000,110.38950,0.04223
1,1851,1.00000,110.40740,0.04224
1,1852,1.00000,110.42530,0.04224
1,1853,1.00000,110.44320,0.04225
1,1854,1.00000,110.46110,0.04225
1,1855,1.00000,110.47900,0.04225
1,1856,1.00000,110.49690,0.04226
2,0,1.00000,49.14770,0.03790
2,1,1.00000,49.31660,0.03783
2,2,1.00000,49.48540,0.03776
2,3,1.00000,49.65430,0.03770
2,4,1.00000,49.82320,0.03763
2,5,1.00000,49.99210,0.03756
2,6,1.00000,50.16090,0.03749
2,7,1.00000,50.32980,0.03742
2,8,1.00000,50.49870,0.03735
2,9,1.00000,50.66760,0.03728
2,10,1.00000,50.83650,0.03722
2,11,1.00000,51.00530,0.03715
2,12,1.00000,51.17420,0.03708
2,13,1.00000,51.34310,0.03701
2,14,1.00000,51.51200,0.03694
2,15,1.00000,51.65100,0.03690
2,16,1.00000,51.78950,0.03687
2,17,1.00000,51.92720,0.03683
2,18,1.00000,52.06410,0.03680
2,19,1.00000,52.20020,0.03676
2,20,1.00000,52.33530,0.03673
2,21,1.00000,52.46950,0.03669
2,22,1.00000,52.60270,0.03666
2,23,1.00000,52.73490,0.03663
2,24,1.00000,52.86610,0.03660
2,25,1.00000,52.99630,0.03656
2,26,1.00000,53.12550,0.03653
2,27,1.00000,53.25370,0.03650
2,28,1.00000,53.38090,0.03647
2,29,1.00000,53.50720,0.03644
2,30,1.00000,53.63260,0.03641
2,31,1.00000,53.75710,0.03638
2,32,1.00000,53.88060,0.03636
2,33,1.00000,54.00310,0.03633
2,34,1.00000,54.12470,0.03630
2,35,1.00000,54.24540,0.03627
2,36,1.00000,54.36510,0.03625
2,37,1.00000,54.48390,0.03622
2,38,1.00000,54.60180,0.03619
2,39,1.00000,54.71870,0.03617
2,40,1.00000,54.83480,0.03614
2,41,1.00000,54.94990,0.03612
2,42,1.00000,55.06420,0.03609
2,43,1.00000,55.17770,0.03607
2,44,1.00000,55.29030,0.03604
2,45,1.00000,55.40210,0.03602
2,46,1.00000,55.51300,0.03600
2,47,1.00000,55.62300,0.03597
2,48,1.00000,55.73220,0.03595
2,49,1.00000,55.84060,0.03593
2,50,1.00000,55.94820,0.03591
2,51,1.00000,56.05490,0.03588
2,52,1.00000,56.16090,0.03586
2,53,1.00000,56.26600,0.03584
2,54,1.00000,56.37040,0.03582
2,55,1.00000,56.47390,0.03580
2,56,1.00000,56.57670,0.03578
2,57,1.00000,56.67880,0.03576
2,58,1.00000,56.78000,0.03574
2,59,1.00000,56.88060,0.03572
2,60,1.00000,56.98050,0.03570
2,61,1.00000,57.07960,0.03568
2,62,1.00000,57.17820,0.03566
2,63,1.00000,57.27610,0.03564
2,64,1.00000,57.37330,0.03562
2,65,1.00000,57.46990,0.03561
2,66,1.00000,57.56590,0.03559
2,67,1.00000,57.66130,0.03557
2,68,1.00000,57.75600,0.03555
2,69,1.00000,57.85010,0.03553
2,70,1.00000,57.94360,0.03552
2,71,1.00000,58.03650,0.03550
2,72,1.00000,58.12880,0.03548
2,73,1.00000,58.22060,0.03547
2,74,1.00000,58.31170,0.03545
2,75,1.00000,58.40220,0.03543
2,76,1.00000,58.49220,0.03542
2,77,1.00000,58.58160,0.03540
2,78,1.00000,58.67050,0.03539
2,79,1.00000,58.75880,0.03537
2,80,1.00000,58.84650,0.03536
2,81,1.00000,58.93370,0.03534
2,82,1.00000,59.02040,0.03533
2,83,1.00000,59.10660,0.03531
2,84,1.00000,59.19220,0.03530
2,85,1.00000,59.27730,0.03528
2,86,1.00000,59.36190,0.03527
2,87,1.00000,59.44590,0.03526
2,88,1.00000,59.52950,0.03524
2,89,1.00000,59.61260,0.03523
2,90,1.00000,59.69520,0.03521
2,91,1.00000,59.77730,0.03520
2,92,1.00000,59.85890,0.03519
2,93,1.00000,59.94010,0.03517
2,94,1.00000,60.02090,0.03516
2,95,1.00000,60.10110,0.03515
2,96,1.00000,60.18100,0.03514
2,97,1.00000,60.26030,0.03512
2,98,1.00000,60.33930,0.03511
2,99,1.00000,60.41780,0.03510
2,100,1.00000,60.49580,0.03509
2,101,1.00000,60.57340,0.03508
2,102,1.00000,60.65060,0.03506
2,103,1.00000,60.72730,0.03505
2,104,1.00000,60.80360,0.03504
2,105,1.00000,60.87950,0.03503
2,106,1.00000,60.95500,0.03502
2,107,1.00000,61.03010,0.03501
2,108,1.00000,61.10470,0.03500
2,109,1.00000,61.17890,0.03499
2,110,1.00000,61.25270,0.03497
2,111,1.00000,61.32610,0.03496
2,112,1.00000,61.39910,0.03495
2,113,1.00000,61.47170,0.03494
2,114,1.00000,61.54390,0.03493
2,115,1.00000,61.61560,0.03492
2,116,1.00000,61.68700,0.03491
2,117,1.00000,61.75800,0.03490
2,118,1.00000,61.82860,0.03489
2,119,1.00000,61.89880,0.03488
2,120,1.00000,61.96860,0.03487
2,121,1.00000,62.03810,0.03487
2,122,1.00000,62.10710,0.03486
2,123,1.00000,62.17580,0.03485
2,124,1.00000,62.24410,0.03484
2,125,1.00000,62.31200,0.03483
2,126,1.00000,62.37950,0.03482
2,127,1.00000,62.44670,0.03481
2,128,1.00000,62.51350,0.03480
2,129,1.00000,62.58000,0.03479
2,130,1.00000,62.64610,0.03479
2,131,1.00000,62.71180,0.03478
2,132,1.00000,62.77720,0.03477
2,133,1.00000,62.84230,0.03476
2,134,1.00000,62.90700,0.03475
2,135,1.00000,62.97140,0.03475
2,136,1.00000,63.03540,0.03474
2,137,1.00000,63.09910,0.03473
2,138,1.00000,63.16260,0.03472
2,139,1.00000,63.22570,0.03471
2,140,1.00000,63.28840,0.03471
2,141,1.00000,63.35090,0.03470
2,142,1.00000,63.41310,0.03469
2,143,1.00000,63.47500,0.03469
2,144,1.00000,63.53650,0.03468
2,145,1.00000,63.59780,0.03467
2,146,1.00000,63.65880,0.03467
2,147,1.00000,63.71960,0.03466
2,148,1.00000,63.78000,0.03465
2,149,1.00000,63.84020,0.03465
2,150,1.00000,63.90000,0.03464
2,151,1.00000,63.95970,0.03463
2,152,1.00000,64.01900,0.03463
2,153,1.00000,64.07810,0.03462
2,154,1.00000,64.13700,0.03461
2,155,1.00000,64.19560,0.03461
2,156,1.00000,64.25390,0.03460
2,157,1.00000,64.31200,0.03460
2,158,1.00000,64.36990,0.03459
2,159,1.00000,64.42760,0.03459
2,160,1.00000,64.48500,0.03458
2,161,1.00000,64.54220,0.03457
2,162,1.00000,64.59910,0.03457
2,163,1.00000,64.65590,0.03456
2,164,1.00000,64.71240,0.03456
2,165,1.00000,64.76880,0.03455
2,166,1.00000,64.82490,0.03455
2,167,1.00000,64.88080,0.03454
2,168,1.00000,64.93660,0.03454
2,169,1.00000,64.99210,0.03453
2,170,1.00000,65.04740,0.03453
2,171,1.00000,65.10260,0.03453
2,172,1.00000,65.15760,0.03452
2,173,1.00000,65.21230,0.03452
2,174,1.00000,65.26700,0.03451
2,175,1.00000,65.32140,0.03451
2,176,1.00000,65.37570,0.03450
2,177,1.00000,65.42980,0.03450
2,178,1.00000,65.48370,0.03450
2,179,1.00000,65.53750,0.03449
2,180,1.00000,65.59110,0.03449
2,181,1.00000,65.64450,0.03449
2,182,1.00000,65.69780,0.03448
2,183,1.00000,65.75100,0.03448
2,184,1.00000,65.80400,0.03447
2,185,1.00000,65.85680,0.03447
2,186,1.00000,65.90950,0.03447
2,187,1.00000,65.96210,0.03447
2,188,1.00000,66.01450,0.03446
2,189,1.00000,66.06680,0.03446
2,190,1.00000,66.11890,0.03446
2,191,1.00000,66.17090,0.03445
2,192,1.00000,66.22280,0.03445
2,193,1.00000,66.27450,0.03445
2,194,1.00000,66.32610,0.03444
2,195,1.00000,66.37760,0.03444
2,196,1.00000,66.42900,0.03444
2,197,1.00000,66.48020,0.03444
2,198,1.00000,66.53130,0.03444
2,199,1.00000,66.58230,0.03443
2,200,1.00000,66.63310,0.03443
2,201,1.00000,66.68390,0.03443
2,202,1.00000,66.73450,0.03443
2,203,1.00000,66.78500,0.03442
2,204,1.00000,66.83540,0.03442
2,205,1.00000,66.88570,0.03442
2,206,1.00000,66.93590,0.03442
2,207,1.00000,66.98590,0.03442
2,208,1.00000,67.03590,0.03442
2,209,1.00000,67.08580,0.03441
2,210,1.00000,67.13550,0.03441
2,211,1.00000,67.18520,0.03441
2,212,1.00000,67.23470,0.03441
2,213,1.00000,67.28420,0.03441
2,214,1.00000,67.33350,0.03441
2,215,1.00000,67.38280,0.03441
2,216,1.00000,67.43200,0.03441
2,217,1.00000,67.48100,0.03440
2,218,1.00000,67.53000,0.03440
2,219,1.00000,67.57890,0.03440
2,220,1.00000,67.62770,0.03440
2,221,1.00000,67.67640,0.03440
2,222,1.00000,67.72500,0.03440
2,223,1.00000,67.77350,0.03440
2,224,1.00000,67.82190,0.03440
2,225,1.00000,67.87030,0.03440
2,226,1.00000,67.91850,0.03440
2,227,1.00000,67.96670,0.03440
2,228,1.00000,68.01480,0.03440
2,229,1.00000,68.06280,0.03440
2,230,1.00000,68.11070,0.03440
2,231,1.00000,68.15850,0.03440
2,232,1.00000,68.20630,0.03440
2,233,1.00000,68.25400,0.03440
2,234,1.00000,68.30160,0.03440
2,235,1.00000,68.34910,0.03440
2,236,1.00000,68.39650,0.03440
2,237,1.00000,68.44390,0.03440
2,238,1.00000,68.49110,0.03440
2,239,1.00000,68.53830,0.03440
2,240,1.00000,68.58550,0.03440
2,241,1.00000,68.63250,0.03440
2,242,1.00000,68.67950,0.03440
2,243,1.00000,68.72640,0.03440
2,244,1.00000,68.77320,0.03440
2,245,1.00000,68.82000,0.03440
2,246,1.00000,68.86660,0.03440
2,247,1.00000,68.91330,0.03440
2,248,1.00000,68.95980,0.03440
2,249,1.00000,69.00630,0.03440
2,250,1.00000,69.05270,0.03440
2,251,1.00000,69.09900,0.03441
2,252,1.00000,69.14520,0.03441
2,253,1.00000,69.19140,0.03441
2,254,1.00000,69.23760,0.03441
2,255,1.00000,69.28360,0.03441
2,256,1.00000,69.32960,0.03441
2,257,1.00000,69.37550,0.03441
2,258,1.00000,69.42140,0.03441
2,259,1.00000,69.46720,0.03441
2,260,1.00000,69.51290,0.03442
2,261,1.00000,69.55850,0.03442
2,262,1.00000,69.60410,0.03442
2,263,1.00000,69.64960,0.03442
2,264,1.00000,69.69510,0.03442
2,265,1.00000,69.74050,0.03442
2,266,1.00000,69.78580,0.03443
2,267,1.00000,69.83110,0.03443
2,268,1.00000,69.87630,0.03443
2,269,1.00000,69.92150,0.03443
2,270,1.00000,69.96660,0.03443
2,271,1.00000,70.01160,0.03444
2,272,1.00000,70.05660,0.03444
2,273,1.00000,70.10150,0.03444
2,274,1.00000,70.14630,0.03444
2,275,1.00000,70.19110,0.03444
2,276,1.00000,70.23580,0.03445
2,277,1.00000,70.28050,0.03445
2,278,1.00000,70.32510,0.03445
2,279,1.00000,70.36970,0.03445
2,280,1.00000,70.41420,0.03445
2,281,1.00000,70.45860,0.03446
2,282,1.00000,70.50300,0.03446
2,283,1.00000,70.54740,0.03446
2,284,1.00000,70.59170,0.03446
2,285,1.00000,70.63590,0.03447
2,286,1.00000,70.68000,0.03447
2,287,1.00000,70.72410,0.03447
2,288,1.00000,70.76820,0.03448
2,289,1.00000,70.81220,0.03448
2,290,1.00000,70.85610,0.03448
2,291,1.00000,70.90000,0.03448
2,292,1.00000,70.94390,0.03449
2,293,1.00000,70.98760,0.03449
2,294,1.00000,71.03140,0.03449
2,295,1.00000,71.07500,0.03450
2,296,1.00000,71.11870,0.03450
2,297,1.00000,71.16220,0.03450
2,298,1.00000,71.20570,0.03450
2,299,1.00000,71.24920,0.03451
2,300,1.00000,71.29260,0.03451
2,301,1.00000,71.33590,0.03451
2,302,1.00000,71.37920,0.03452
2,303,1.00000,71.42240,0.03452
2,304,1.00000,71.46560,0.03452
2,305,1.00000,71.50880,0.03453
2,306,1.00000,71.55180,0.03453
2,307,1.00000,71.59490,0.03453
2,308,1.00000,71.63780,0.03454
2,309,1.00000,71.68080,0.03454
2,310,1.00000,71.72360,0.03454
2,311,1.00000,71.76640,0.03455
2,312,1.00000,71.80920,0.03455
2,313,1.00000,71.85190,0.03456
2,314,1.00000,71.89460,0.03456
2,315,1.00000,71.93720,0.03456
2,316,1.00000,71.97980,0.03457
2,317,1.00000,72.02230,0.03457
2,318,1.00000,72.06470,0.03457
2,319,1.00000,72.10710,0.03458
2,320,1.00000,72.14950,0.03458
2,321,1.00000,72.19180,0.03459
2,322,1.00000,72.23400,0.03459
2,323,1.00000,72.27620,0.03459
2,324,1.00000,72.31840,0.03460
2,325,1.00000,72.36050,0.03460
2,326,1.00000,72.40250,0.03461
2,327,1.00000,72.44450,0.03461
2,328,1.00000,72.48650,0.03461
2,329,1.00000,72.52840,0.03462
2,330,1.00000,72.57020,0.03462
2,331,1.00000,72.61200,0.03463
2,332,1.00000,72.65380,0.03463
2,333,1.00000,72.69550,0.03464
2,334,1.00000,72.73720,0.03464
2,335,1.00000,72.77880,0.03464
2,336,1.00000,72.82030,0.03465
2,337,1.00000,72.86180,0.03465
2,338,1.00000,72.90330,0.03466
2,339,1.00000,72.94470,0.03466
2,340,1.00000,72.98610,0.03467
2,341,1.00000,73.02740,0.03467
2,342,1.00000,73.06860,0.03468
2,343,1.00000,73.10990,0.03468
2,344,1.00000,73.15100,0.03469
2,345,1.00000,73.19220,0.03469
2,346,1.00000,73.23320,0.03469
2,347,1.00000,73.27430,0.03470
2,348,1.00000,73.31520,0.03470
2,349,1.00000,73.35620,0.03471
2,350,1.00000,73.39710,0.03471
2,351,1.00000,73.43790,0.03472
2,352,1.00000,73.47870,0.03472
2,353,1.00000,73.51950,0.03473
2,354,1.00000,73.56020,0.03473
2,355,1.00000,73.60080,0.03474
2,356,1.00000,73.64140,0.03474
2,357,1.00000,73.68200,0.03475
2,358,1.00000,73.72250,0.03475
2,359,1.00000,73.76300,0.03476
2,360,1.00000,73.80340,0.03476
2,361,1.00000,73.84380,0.03477
2,362,1.00000,73.88420,0.03477
2,363,1.00000,73.92450,0.03478
2,364,1.00000,73.96470,0.03478
2,365,1.00000,74.00490,0.03479
2,366,1.00000,74.04510,0.03479
2,367,1.00000,74.08520,0.03480
2,368,1.00000,74.12530,0.03480
2,369,1.00000,74.16530,0.03481
2,370,1.00000,74.20530,0.03482
2,371,1.00000,74.24520,0.03482
2,372,1.00000,74.28510,0.03483
2,373,1.00000,74.32500,0.03483
2,374,1.00000,74.36480,0.03484
2,375,1.00000,74.40450,0.03484
2,376,1.00000,74.44430,0.03485
2,377,1.00000,74.48390,0.03485
2,378,1.00000,74.52360,0.03486
2,379,1.00000,74.56320,0.03486
2,380,1.00000,74.60270,0.03487
2,381,1.00000,74.64220,0.03488
2,382,1.00000,74.68170,0.03488
2,383,1.00000,74.72110,0.03489
2,384,1.00000,74.76050,0.03489
2,385,1.00000,74.79980,0.03490
2,386,1.00000,74.83910,0.03490
2,387,1.00000,74.87840,0.03491
2,388,1.00000,74.91760,0.03491
2,389,1.00000,74.95670,0.03492
2,390,1.00000,74.99590,0.03493
2,391,1.00000,75.03490,0.03493
2,392,1.00000,75.07400,0.03494
2,393,1.00000,75.11300,0.03494
2,394,1.00000,75.15190,0.03495
2,395,1.00000,75.19080,0.03495
2,396,1.00000,75.22970,0.03496
2,397,1.00000,75.26860,0.03497
2,398,1.00000,75.30730,0.03497
2,399,1.00000,75.34610,0.03498
2,400,1.00000,75.38480,0.03498
2,401,1.00000,75.42350,0.03499
2,402,1.00000,75.46210,0.03500
2,403,1.00000,75.50070,0.03500
2,404,1.00000,75.53920,0.03501
2,405,1.00000,75.57770,0.03501
2,406,1.00000,75.61620,0.03502
2,407,1.00000,75.65460,0.03503
2,408,1.00000,75.69300,0.03503
2,409,1.00000,75.73130,0.03504
2,410,1.00000,75.76960,0.03504
2,411,1.00000,75.80790,0.03505
2,412,1.00000,75.84610,0.03506
2,413,1.00000,75.88430,0.03506
2,414,1.00000,75.92240,0.03507
2,415,1.00000,75.96050,0.03507
2,416,1.00000,75.99860,0.03508
2,417,1.00000,76.03660,0.03509
2,418,1.00000,76.07460,0.03509
2,419,1.00000,76.11250,0.03510
2,420,1.00000,76.15040,0.03511
2,421,1.00000,76.18830,0.03511
2,422,1.00000,76.22610,0.03512
2,423,1.00000,76.26390,0.03512
2,424,1.00000,76.30160,0.03513
2,425,1.00000,76.33930,0.03514
2,426,1.00000,76.37700,0.03514
2,427,1.00000,76.41460,0.03515
2,428,1.00000,76.45220,0.03516
2,429,1.00000,76.48970,0.03516
2,430,1.00000,76.52720,0.03517
2,431,1.00000,76.56470,0.03518
2,432,1.00000,76.60210,0.03518
2,433,1.00000,76.63950,0.03519
2,434,1.00000,76.67690,0.03519
2,435,1.00000,76.71420,0.03520
2,436,1.00000,76.75150,0.03521
2,437,1.00000,76.78870,0.03521
2,438,1.00000,76.82590,0.03522
2,439,1.00000,76.86310,0.03523
2,440,1.00000,76.90020,0.03523
2,441,1.00000,76.93730,0.03524
2,442,1.00000,76.97440,0.03525
2,443,1.00000,77.01140,0.03525
2,444,1.00000,77.04840,0.03526
2,445,1.00000,77.08530,0.03527
2,446,1.00000,77.12220,0.03527
2,447,1.00000,77.15910,0.03528
2,448,1.00000,77.19590,0.03529
2,449,1.00000,77.23270,0.03529
2,450,1.00000,77.26950,0.03530
2,451,1.00000,77.30620,0.03530
2,452,1.00000,77.34290,0.03531
2,453,1.00000,77.37960,0.03532
2,454,1.00000,77.41620,0.03532
2,455,1.00000,77.45280,0.03533
2,456,1.00000,77.48930,0.03534
2,457,1.00000,77.52580,0.03534
2,458,1.00000,77.56230,0.03535
2,459,1.00000,77.59880,0.03536
2,460,1.00000,77.63520,0.03536
2,461,1.00000,77.67160,0.03537
2,462,1.00000,77.70790,0.03538
2,463,1.00000,77.74420,0.03538
2,464,1.00000,77.78050,0.03539
2,465,1.00000,77.81670,0.03540
2,466,1.00000,77.85290,0.03540
2,467,1.00000,77.88910,0.03541
2,468,1.00000,77.92520,0.03542
2,469,1.00000,77.96130,0.03543
2,470,1.00000,77.99740,0.03543
2,471,1.00000,78.03340,0.03544
2,472,1.00000,78.06940,0.03545
2,473,1.00000,78.10540,0.03545
2,474,1.00000,78.14130,0.03546
2,475,1.00000,78.17720,0.03547
2,476,1.00000,78.21310,0.03547
2,477,1.00000,78.24900,0.03548
2,478,1.00000,78.28480,0.03549
2,479,1.00000,78.32050,0.03549
2,480,1.00000,78.35630,0.03550
2,481,1.00000,78.39200,0.03551
2,482,1.00000,78.42760,0.03551
2,483,1.00000,78.46330,0.03552
2,484,1.00000,78.49890,0.03553
2,485,1.00000,78.53450,0.03553
2,486,1.00000,78.57000,0.03554
2,487,1.00000,78.60550,0.03555
2,488,1.00000,78.64100,0.03556
2,489,1.00000,78.67640,0.03556
2,490,1.00000,78.71180,0.03557
2,491,1.00000,78.74720,0.03558
2,492,1.00000,78.78260,0.03558
2,493,1.00000,78.81790,0.03559
2,494,1.00000,78.85320,0.03560
2,495,1.00000,78.88840,0.03560
2,496,1.00000,78.92360,0.03561
2,497,1.00000,78.95880,0.03562
2,498,1.00000,78.99400,0.03562
2,499,1.00000,79.02910,0.03563
2,500,1.00000,79.06420,0.03564
2,501,1.00000,79.09930,0.03565
2,502,1.00000,79.13430,0.03565
2,503,1.00000,79.16930,0.03566
2,504,1.00000,79.20420,0.03567
2,505,1.00000,79.23920,0.03567
2,506,1.00000,79.27410,0.03568
2,507,1.00000,79.30890,0.03569
2,508,1.00000,79.34380,0.03569
2,509,1.00000,79.37860,0.03570
2,510,1.00000,79.41340,0.03571
2,511,1.00000,79.44810,0.03572
2,512,1.00000,79.48280,0.03572
2,513,1.00000,79.51750,0.03573
2,514,1.00000,79.55210,0.03574
2,515,1.00000,79.58680,0.03574
2,516,1.00000,79.62130,0.03575
2,517,1.00000,79.65590,0.03576
2,518,1.00000,79.69040,0.03577
2,519,1.00000,79.72490,0.03577
2,520,1.00000,79.75940,0.03578
2,521,1.00000,79.79380,0.03579
2,522,1.00000,79.82820,0.03579
2,523,1.00000,79.86260,0.03580
2,524,1.00000,79.89690,0.03581
2,525,1.00000,79.93120,0.03582
2,526,1.00000,79.96550,0.03582
2,527,1.00000,79.99980,0.03583
2,528,1.00000,80.03400,0.03584
2,529,1.00000,80.06820,0.03584
2,530,1.00000,80.10230,0.03585
2,531,1.00000,80.13650,0.03586
2,532,1.00000,80.17060,0.03587
2,533,1.00000,80.20460,0.03587
2,534,1.00000,80.23870,0.03588
2,535,1.00000,80.27270,0.03589
2,536,1.00000,80.30670,0.03589
2,537,1.00000,80.34060,0.03590
2,538,1.00000,80.37450,0.03591
2,539,1.00000,80.40840,0.03592
2,540,1.00000,80.44230,0.03592
2,541,1.00000,80.47610,0.03593
2,542,1.00000,80.50990,0.03594
2,543,1.00000,80.54370,0.03594
2,544,1.00000,80.57740,0.03595
2,545,1.00000,80.61120,0.03596
2,546,1.00000,80.64480,0.03597
2,547,1.00000,80.67850,0.03597
2,548,1.00000,80.71210,0.03598
2,549,1.00000,80.74570,0.03599
2,550,1.00000,80.77930,0.03600
2,551,1.00000,80.81280,0.03600
2,552,1.00000,80.84640,0.03601
2,553,1.00000,80.87980,0.03602
2,554,1.00000,80.91330,0.03602
2,555,1.00000,80.94670,0.03603
2,556,1.00000,80.98010,0.03604
2,557,1.00000,81.01350,0.03605
2,558,1.00000,81.04680,0.03605
2,559,1.00000,81.08020,0.03606
2,560,1.00000,81.11340,0.03607
2,561,1.00000,81.14670,0.03608
2,562,1.00000,81.17990,0.03608
2,563,1.00000,81.21310,0.03609
2,564,1.00000,81.24630,0.03610
2,565,1.00000,81.27950,0.03611
2,566,1.00000,81.31260,0.03611
2,567,1.00000,81.34570,0.03612
2,568,1.00000,81.37880,0.03613
2,569,1.00000,81.41180,0.03613
2,570,1.00000,81.44480,0.03614
2,571,1.00000,81.47780,0.03615
2,572,1.00000,81.51080,0.03616
2,573,1.00000,81.54370,0.03616
2,574,1.00000,81.57660,0.03617
2,575,1.00000,81.60950,0.03618
2,576,1.00000,81.64230,0.03619
2,577,1.00000,81.67520,0.03619
2,578,1.00000,81.70800,0.03620
2,579,1.00000,81.74070,0.03621
2,580,1.00000,81.77350,0.03622
2,581,1.00000,81.80620,0.03622
2,582,1.00000,81.83890,0.03623
2,583,1.00000,81.87150,0.03624
2,584,1.00000,81.90420,0.03624
2,585,1.00000,81.93680,0.03625
2,586,1.00000,81.96940,0.03626
2,587,1.00000,82.00190,0.03627
2,588,1.00000,82.03450,0.03627
2,589,1.00000,82.06700,0.03628
2,590,1.00000,82.09940,0.03629
2,591,1.00000,82.13190,0.03630
2,592,1.00000,82.16430,0.03630
2,593,1.00000,82.19670,0.03631
2,594,1.00000,82.22910,0.03632
2,595,1.00000,82.26140,0.03633
2,596,1.00000,82.29380,0.03633
2,597,1.00000,82.32610,0.03634
2,598,1.00000,82.35830,0.03635
2,599,1.00000,82.39060,0.03636
2,600,1.00000,82.42280,0.03636
2,601,1.00000,82.45500,0.03637
2,602,1.00000,82.48720,0.03638
2,603,1.00000,82.51930,0.03639
2,604,1.00000,82.55140,0.03639
2,605,1.00000,82.58350,0.03640
2,606,1.00000,82.61560,0.03641
2,607,1.00000,82.64760,0.03642
2,608,1.00000,82.67960,0.03642
2,609,1.00000,82.71160,0.03643
2,610,1.00000,82.74360,0.03644
2,611,1.00000,82.77550,0.03645
2,612,1.00000,82.80740,0.03645
2,613,1.00000,82.83930,0.03646
2,614,1.00000,82.87120,0.03647
2,615,1.00000,82.90300,0.03648
2,616,1.00000,82.93480,0.03648
2,617,1.00000,82.96660,0.03649
2,618,1.00000,82.99840,0.03650
2,619,1.00000,83.03010,0.03650
2,620,1.00000,83.06180,0.03651
2,621,1.00000,83.09350,0.03652
2,622,1.00000,83.12510,0.03653
2,623,1.00000,83.15680,0.03653
2,624,1.00000,83.18840,0.03654
2,625,1.00000,83.22000,0.03655
2,626,1.00000,83.25150,0.03656
2,627,1.00000,83.28310,0.03656
2,628,1.00000,83.31460,0.03657
2,629,1.00000,83.34610,0.03658
2,630,1.00000,83.37750,0.03659
2,631,1.00000,83.40890,0.03659
2,632,1.00000,83.44030,0.03660
2,633,1.00000,83.47170,0.03661
2,634,1.00000,83.50310,0.03662
2,635,1.00000,83.53440,0.03662
2,636,1.00000,83.56570,0.03663
2,637,1.00000,83.59700,0.03664
2,638,1.00000,83.62830,0.03665
2,639,1.00000,83.65950,0.03665
2,640,1.00000,83.69070,0.03666
2,641,1.00000,83.72190,0.03667
2,642,1.00000,83.75300,0.03668
2,643,1.00000,83.78420,0.03668
2,644,1.00000,83.81530,0.03669
2,645,1.00000,83.84640,0.03670
2,646,1.00000,83.87740,0.03671
2,647,1.00000,83.90850,0.03671
2,648,1.00000,83.93950,0.03672
2,649,1.00000,83.97050,0.03673
2,650,1.00000,84.00140,0.03674
2,651,1.00000,84.03240,0.03674
2,652,1.00000,84.06330,0.03675
2,653,1.00000,84.09410,0.03676
2,654,1.00000,84.12500,0.03677
2,655,1.00000,84.15580,0.03677
2,656,1.00000,84.18670,0.03678
2,657,1.00000,84.21740,0.03679
2,658,1.00000,84.24820,0.03680
2,659,1.00000,84.27890,0.03680
2,660,1.00000,84.30960,0.03681
2,661,1.00000,84.34030,0.03682
2,662,1.00000,84.37100,0.03683
2,663,1.00000,84.40160,0.03683
2,664,1.00000,84.43230,0.03684
2,665,1.00000,84.46280,0.03685
2,666,1.00000,84.49340,0.03686
2,667,1.00000,84.52390,0.03686
2,668,1.00000,84.55450,0.03687
2,669,1.00000,84.58500,0.03688
2,670,1.00000,84.61540,0.03689
2,671,1.00000,84.64590,0.03689
2,672,1.00000,84.67630,0.03690
2,673,1.00000,84.70670,0.03691
2,674,1.00000,84.73700,0.03692
2,675,1.00000,84.76740,0.03692
2,676,1.00000,84.79770,0.03693
2,677,1.00000,84.82800,0.03694
2,678,1.00000,84.85830,0.03695
2,679,1.00000,84.88850,0.03695
2,680,1.00000,84.91880,0.03696
2,681,1.00000,84.94900,0.03697
2,682,1.00000,84.97910,0.03698
2,683,1.00000,85.00930,0.03698
2,684,1.00000,85.03940,0.03699
2,685,1.00000,85.06950,0.03700
2,686,1.00000,85.09960,0.03701
2,687,1.00000,85.12970,0.03701
2,688,1.00000,85.15970,0.03702
2,689,1.00000,85.18970,0.03703
2,690,1.00000,85.21970,0.03704
2,691,1.00000,85.24970,0.03704
2,692,1.00000,85.27960,0.03705
2,693,1.00000,85.30960,0.03706
2,694,1.00000,85.33950,0.03706
2,695,1.00000,85.36930,0.03707
2,696,1.00000,85.39920,0.03708
2,697,1.00000,85.42900,0.03709
2,698,1.00000,85.45880,0.03709
2,699,1.00000,85.48860,0.03710
2,700,1.00000,85.51840,0.03711
2,701,1.00000,85.54810,0.03712
2,702,1.00000,85.57780,0.03712
2,703,1.00000,85.60750,0.03713
2,704,1.00000,85.63720,0.03714
2,705,1.00000,85.66680,0.03715
2,706,1.00000,85.69640,0.03715
2,707,1.00000,85.72600,0.03716
2,708,1.00000,85.75560,0.03717
2,709,1.00000,85.78520,0.03718
2,710,1.00000,85.81470,0.03718
2,711,1.00000,85.84420,0.03719
2,712,1.00000,85.87370,0.03720
2,713,1.00000,85.90320,0.03721
2,714,1.00000,85.93260,0.03721
2,715,1.00000,85.96210,0.03722
2,716,1.00000,85.99150,0.03723
2,717,1.00000,86.02080,0.03724
2,718,1.00000,86.05020,0.03724
2,719,1.00000,86.07950,0.03725
2,720,1.00000,86.10890,0.03726
2,721,1.00000,86.13810,0.03727
2,722,1.00000,86.16740,0.03727
2,723,1.00000,86.19670,0.03728
2,724,1.00000,86.22590,0.03729
2,725,1.00000,86.25510,0.03729
2,726,1.00000,86.28430,0.03730
2,727,1.00000,86.31340,0.03731
2,728,1.00000,86.34260,0.03732
2,729,1.00000,86.37170,0.03732
2,730,1.00000,86.40080,0.03733
2,731,1.00000,85.72990,0.03764
2,732,1.00000,85.75890,0.03765
2,733,1.00000,85.78800,0.03766
2,734,1.00000,85.81700,0.03767
2,735,1.00000,85.84600,0.03767
2,736,1.00000,85.87490,0.03768
2,737,1.00000,85.90390,0.03769
2,738,1.00000,85.93280,0.03770
2,739,1.00000,85.96170,0.03770
2,740,1.00000,85.99060,0.03771
2,741,1.00000,86.01940,0.03772
2,742,1.00000,86.04830,0.03772
2,743,1.00000,86.07710,0.03773
2,744,1.00000,86.10590,0.03774
2,745,1.00000,86.13470,0.03775
2,746,1.00000,86.16340,0.03775
2,747,1.00000,86.19210,0.03776
2,748,1.00000,86.22090,0.03777
2,749,1.00000,86.24950,0.03778
2,750,1.00000,86.27820,0.03778
2,751,1.00000,86.30690,0.03779
2,752,1.00000,86.33550,0.03780
2,753,1.00000,86.36410,0.03780
2,754,1.00000,86.39270,0.03781
2,755,1.00000,86.42120,0.03782
2,756,1.00000,86.44980,0.03783
2,757,1.00000,86.47830,0.03783
2,758,1.00000,86.50680,0.03784
2,759,1.00000,86.53530,0.03785
2,760,1.00000,86.56380,0.03786
2,761,1.00000,86.59220,0.03786
2,762,1.00000,86.62060,0.03787
2,763,1.00000,86.64900,0.03788
2,764,1.00000,86.67740,0.03788
2,765,1.00000,86.70570,0.03789
2,766,1.00000,86.73410,0.03790
2,767,1.00000,86.76240,0.03791
2,768,1.00000,86.79070,0.03791
2,769,1.00000,86.81900,0.03792
2,770,1.00000,86.84720,0.03793
2,771,1.00000,86.87540,0.03794
2,772,1.00000,86.90370,0.03794
2,773,1.00000,86.93190,0.03795
2,774,1.00000,86.96000,0.03796
2,775,1.00000,86.98820,0.03796
2,776,1.00000,87.01630,0.03797
2,777,1.00000,87.04440,0.03798
2,778,1.00000,87.07250,0.03799
2,779,1.00000,87.10060,0.03799
2,780,1.00000,87.12860,0.03800
2,781,1.00000,87.15670,0.03801
2,782,1.00000,87.18470,0.03801
2,783,1.00000,87.21260,0.03802
2,784,1.00000,87.24060,0.03803
2,785,1.00000,87.26860,0.03804
2,786,1.00000,87.29650,0.03804
2,787,1.00000,87.32440,0.03805
2,788,1.00000,87.35230,0.03806
2,789,1.00000,87.38010,0.03806
2,790,1.00000,87.40800,0.03807
2,791,1.00000,87.43580,0.03808
2,792,1.00000,87.46360,0.03809
2,793,1.00000,87.49140,0.03809
2,794,1.00000,87.51920,0.03810
2,795,1.00000,87.54690,0.03811
2,796,1.00000,87.57460,0.03812
2,797,1.00000,87.60230,0.03812
2,798,1.00000,87.63000,0.03813
2,799,1.00000,87.65770,0.03814
2,800,1.00000,87.68530,0.03814
2,801,1.00000,87.71290,0.03815
2,802,1.00000,87.74050,0.03816
2,803,1.00000,87.76810,0.03817
2,804,1.00000,87.79560,0.03817
2,805,1.00000,87.82320,0.03818
2,806,1.00000,87.85070,0.03819
2,807,1.00000,87.87820,0.03819
2,808,1.00000,87.90560,0.03820
2,809,1.00000,87.93310,0.03821
2,810,1.00000,87.96050,0.03821
2,811,1.00000,87.98790,0.03822
2,812,1.00000,88.01530,0.03823
2,813,1.00000,88.04270,0.03824
2,814,1.00000,88.07000,0.03824
2,815,1.00000,88.09740,0.03825
2,816,1.00000,88.12470,0.03826
2,817,1.00000,88.15190,0.03826
2,818,1.00000,88.17920,0.03827
2,819,1.00000,88.20650,0.03828
2,820,1.00000,88.23370,0.03829
2,821,1.00000,88.26090,0.03829
2,822,1.00000,88.28810,0.03830
2,823,1.00000,88.31520,0.03831
2,824,1.00000,88.34230,0.03831
2,825,1.00000,88.36950,0.03832
2,826,1.00000,88.39660,0.03833
2,827,1.00000,88.42360,0.03834
2,828,1.00000,88.45070,0.03834
2,829,1.00000,88.47770,0.03835
2,830,1.00000,88.50470,0.03836
2,831,1.00000,88.53170,0.03836
2,832,1.00000,88.55870,0.03837
2,833,1.00000,88.58560,0.03838
2,834,1.00000,88.61260,0.03838
2,835,1.00000,88.63950,0.03839
2,836,1.00000,88.66640,0.03840
2,837,1.00000,88.69320,0.03841
2,838,1.00000,88.72010,0.03841
2,839,1.00000,88.74690,0.03842
2,840,1.00000,88.77370,0.03843
2,841,1.00000,88.80050,0.03843
2,842,1.00000,88.82730,0.03844
2,843,1.00000,88.85400,0.03845
2,844,1.00000,88.88070,0.03845
2,845,1.00000,88.90740,0.03846
2,846,1.00000,88.93410,0.03847
2,847,1.00000,88.96080,0.03848
2,848,1.00000,88.98740,0.03848
2,849,1.00000,89.01400,0.03849
2,850,1.00000,89.04060,0.03850
2,851,1.00000,89.06720,0.03850
2,852,1.00000,89.09380,0.03851
2,853,1.00000,89.12030,0.03852
2,854,1.00000,89.14680,0.03852
2,855,1.00000,89.17330,0.03853
2,856,1.00000,89.19980,0.03854
2,857,1.00000,89.22630,0.03855
2,858,1.00000,89.25270,0.03855
2,859,1.00000,89.27910,0.03856
2,860,1.00000,89.30550,0.03857
2,861,1.00000,89.33190,0.03857
2,862,1.00000,89.35830,0.03858
2,863,1.00000,89.38460,0.03859
2,864,1.00000,89.41090,0.03859
2,865,1.00000,89.43720,0.03860
2,866,1.00000,89.46350,0.03861
2,867,1.00000,89.48980,0.03861
2,868,1.00000,89.51600,0.03862
2,869,1.00000,89.54220,0.03863
2,870,1.00000,89.56840,0.03864
2,871,1.00000,89.59460,0.03864
2,872,1.00000,89.62080,0.03865
2,873,1.00000,89.64690,0.03866
2,874,1.00000,89.67300,0.03866
2,875,1.00000,89.69910,0.03867
2,876,1.00000,89.72520,0.03868
2,877,1.00000,89.75130,0.03868
2,878,1.00000,89.77730,0.03869
2,879,1.00000,89.80330,0.03870
2,880,1.00000,89.82930,0.03870
2,881,1.00000,89.85530,0.03871
2,882,1.00000,89.88130,0.03872
2,883,1.00000,89.90720,0.03872
2,884,1.00000,89.93310,0.03873
2,885,1.00000,89.95910,0.03874
2,886,1.00000,89.98490,0.03874
2,887,1.00000,90.01080,0.03875
2,888,1.00000,90.03660,0.03876
2,889,1.00000,90.06250,0.03877
2,890,1.00000,90.08830,0.03877
2,891,1.00000,90.11410,0.03878
2,892,1.00000,90.13980,0.03879
2,893,1.00000,90.16560,0.03879
2,894,1.00000,90.19130,0.03880
2,895,1.00000,90.21700,0.03881
2,896,1.00000,90.24270,0.03881
2,897,1.00000,90.26840,0.03882
2,898,1.00000,90.29400,0.03883
2,899,1.00000,90.31970,0.03883
2,900,1.00000,90.34530,0.03884
2,901,1.00000,90.37090,0.03885
2,902,1.00000,90.39650,0.03885
2,903,1.00000,90.42200,0.03886
2,904,1.00000,90.44760,0.03887
2,905,1.00000,90.47310,0.03887
2,906,1.00000,90.49860,0.03888
2,907,1.00000,90.52400,0.03889
2,908,1.00000,90.54950,0.03889
2,909,1.00000,90.57500,0.03890
2,910,1.00000,90.60040,0.03891
2,911,1.00000,90.62580,0.03891
2,912,1.00000,90.65120,0.03892
2,913,1.00000,90.67650,0.03893
2,914,1.00000,90.70190,0.03893
2,915,1.00000,90.72720,0.03894
2,916,1.00000,90.75250,0.03895
2,917,1.00000,90.77780,0.03895
2,918,1.00000,90.80310,0.03896
2,919,1.00000,90.82830,0.03897
2,920,1.00000,90.85360,0.03897
2,921,1.00000,90.87880,0.03898
2,922,1.00000,90.90400,0.03899
2,923,1.00000,90.92920,0.03899
2,924,1.00000,90.95440,0.03900
2,925,1.00000,90.97950,0.03901
2,926,1.00000,91.00460,0.03901
2,927,1.00000,91.02970,0.03902
2,928,1.00000,91.05480,0.03903
2,929,1.00000,91.07990,0.03903
2,930,1.00000,91.10500,0.03904
2,931,1.00000,91.13000,0.03905
2,932,1.00000,91.15500,0.03905
2,933,1.00000,91.18000,0.03906
2,934,1.00000,91.20500,0.03907
2,935,1.00000,91.23000,0.03907
2,936,1.00000,91.25490,0.03908
2,937,1.00000,91.27990,0.03909
2,938,1.00000,91.30480,0.03909
2,939,1.00000,91.32970,0.03910
2,940,1.00000,91.35450,0.03911
2,941,1.00000,91.37940,0.03911
2,942,1.00000,91.40430,0.03912
2,943,1.00000,91.42910,0.03913
2,944,1.00000,91.45390,0.03913
2,945,1.00000,91.47870,0.03914
2,946,1.00000,91.50350,0.03915
2,947,1.00000,91.52820,0.03915
2,948,1.00000,91.55300,0.03916
2,949,1.00000,91.57770,0.03917
2,950,1.00000,91.60240,0.03917
2,951,1.00000,91.62710,0.03918
2,952,1.00000,91.65180,0.03918
2,953,1.00000,91.67640,0.03919
2,954,1.00000,91.70110,0.03920
2,955,1.00000,91.72570,0.03920
2,956,1.00000,91.75030,0.03921
2,957,1.00000,91.77490,0.03922
2,958,1.00000,91.79950,0.03922
2,959,1.00000,91.82410,0.03923
2,960,1.00000,91.84860,0.03924
2,961,1.00000,91.87310,0.03924
2,962,1.00000,91.89760,0.03925
2,963,1.00000,91.92210,0.03926
2,964,1.00000,91.94660,0.03926
2,965,1.00000,91.97110,0.03927
2,966,1.00000,91.99550,0.03928
2,967,1.00000,92.02000,0.03928
2,968,1.00000,92.04440,0.03929
2,969,1.00000,92.06880,0.03929
2,970,1.00000,92.09320,0.03930
2,971,1.00000,92.11750,0.03931
2,972,1.00000,92.14190,0.03931
2,973,1.00000,92.16620,0.03932
2,974,1.00000,92.19060,0.03933
2,975,1.00000,92.21490,0.03933
2,976,1.00000,92.23920,0.03934
2,977,1.00000,92.26350,0.03935
2,978,1.00000,92.28770,0.03935
2,979,1.00000,92.31200,0.03936
2,980,1.00000,92.33620,0.03936
2,981,1.00000,92.36040,0.03937
2,982,1.00000,92.38460,0.03938
2,983,1.00000,92.40880,0.03938
2,984,1.00000,92.43300,0.03939
2,985,1.00000,92.45720,0.03940
2,986,1.00000,92.48130,0.03940
2,987,1.00000,92.50540,0.03941
2,988,1.00000,92.52950,0.03942
2,989,1.00000,92.55360,0.03942
2,990,1.00000,92.57770,0.03943
2,991,1.00000,92.60180,0.03943
2,992,1.00000,92.62590,0.03944
2,993,1.00000,92.64990,0.03945
2,994,1.00000,92.67390,0.03945
2,995,1.00000,92.69800,0.03946
2,996,1.00000,92.72200,0.03947
2,997,1.00000,92.74590,0.03947
2,998,1.00000,92.76990,0.03948
2,999,1.00000,92.79390,0.03948
2,1000,1.00000,92.81780,0.03949
2,1001,1.00000,92.84180,0.03950
2,1002,1.00000,92.86570,0.03950
2,1003,1.00000,92.88960,0.03951
2,1004,1.00000,92.91350,0.03952
2,1005,1.00000,92.93730,0.03952
2,1006,1.00000,92.96120,0.03953
2,1007,1.00000,92.98500,0.03953
2,1008,1.00000,93.00890,0.03954
2,1009,1.00000,93.03270,0.03955
2,1010,1.00000,93.05650,0.03955
2,1011,1.00000,93.08030,0.03956
2,1012,1.00000,93.10410,0.03957
2,1013,1.00000,93.12780,0.03957
2,1014,1.00000,93.15160,0.03958
2,1015,1.00000,93.17530,0.03958
2,1016,1.00000,93.19910,0.03959
2,1017,1.00000,93.22280,0.03960
2,1018,1.00000,93.24650,0.03960
2,1019,1.00000,93.27020,0.03961
2,1020,1.00000,93.29380,0.03961
2,1021,1.00000,93.31750,0.03962
2,1022,1.00000,93.34110,0.03963
2,1023,1.00000,93.36480,0.03963
2,1024,1.00000,93.38840,0.03964
2,1025,1.00000,93.41200,0.03964
2,1026,1.00000,93.43560,0.03965
2,1027,1.00000,93.45920,0.03966
2,1028,1.00000,93.48270,0.03966
2,1029,1.00000,93.50630,0.03967
2,1030,1.00000,93.52980,0.03968
2,1031,1.00000,93.55340,0.03968
2,1032,1.00000,93.57690,0.03969
2,1033,1.00000,93.60040,0.03969
2,1034,1.00000,93.62390,0.03970
2,1035,1.00000,93.64730,0.03971
2,1036,1.00000,93.67080,0.03971
2,1037,1.00000,93.69430,0.03972
2,1038,1.00000,93.71770,0.03972
2,1039,1.00000,93.74110,0.03973
2,1040,1.00000,93.76460,0.03974
2,1041,1.00000,93.78800,0.03974
2,1042,1.00000,93.81130,0.03975
2,1043,1.00000,93.83470,0.03975
2,1044,1.00000,93.85810,0.03976
2,1045,1.00000,93.88140,0.03977
2,1046,1.00000,93.90480,0.03977
2,1047,1.00000,93.92810,0.03978
2,1048,1.00000,93.95140,0.03978
2,1049,1.00000,93.97470,0.03979
2,1050,1.00000,93.99800,0.03980
2,1051,1.00000,94.02130,0.03980
2,1052,1.00000,94.04460,0.03981
2,1053,1.00000,94.06780,0.03981
2,1054,1.00000,94.09110,0.03982
2,1055,1.00000,94.11430,0.03983
2,1056,1.00000,94.13760,0.03983
2,1057,1.00000,94.16080,0.03984
2,1058,1.00000,94.18400,0.03984
2,1059,1.00000,94.20710,0.03985
2,1060,1.00000,94.23030,0.03986
2,1061,1.00000,94.25350,0.03986
2,1062,1.00000,94.27660,0.03987
2,1063,1.00000,94.29980,0.03987
2,1064,1.00000,94.32290,0.03988
2,1065,1.00000,94.34600,0.03989
2,1066,1.00000,94.36910,0.03989
2,1067,1.00000,94.39220,0.03990
2,1068,1.00000,94.41530,0.03990
2,1069,1.00000,94.43840,0.03991
2,1070,1.00000,94.46150,0.03991
2,1071,1.00000,94.48450,0.03992
2,1072,1.00000,94.50750,0.03993
2,1073,1.00000,94.53060,0.03993
2,1074,1.00000,94.55360,0.03994
2,1075,1.00000,94.57660,0.03994
2,1076,1.00000,94.59960,0.03995
2,1077,1.00000,94.62260,0.03996
2,1078,1.00000,94.64550,0.03996
2,1079,1.00000,94.66850,0.03997
2,1080,1.00000,94.69140,0.03997
2,1081,1.00000,94.71440,0.03998
2,1082,1.00000,94.73730,0.03999
2,1083,1.00000,94.76020,0.03999
2,1084,1.00000,94.78310,0.04000
2,1085,1.00000,94.80600,0.04000
2,1086,1.00000,94.82890,0.04001
2,1087,1.00000,94.85180,0.04001
2,1088,1.00000,94.87470,0.04002
2,1089,1.00000,94.89750,0.04003
2,1090,1.00000,94.92030,0.04003
2,1091,1.00000,94.94320,0.04004
2,1092,1.00000,94.96600,0.04004
2,1093,1.00000,94.98880,0.04005
2,1094,1.00000,95.01160,0.04005
2,1095,1.00000,95.03440,0.04006
2,1096,1.00000,95.05720,0.04007
2,1097,1.00000,95.07990,0.04007
2,1098,1.00000,95.10270,0.04008
2,1099,1.00000,95.12540,0.04008
2,1100,1.00000,95.14820,0.04009
2,1101,1.00000,95.17090,0.04009
2,1102,1.00000,95.19360,0.04010
2,1103,1.00000,95.21630,0.04011
2,1104,1.00000,95.23900,0.04011
2,1105,1.00000,95.26170,0.04012
2,1106,1.00000,95.28440,0.04012
2,1107,1.00000,95.30700,0.04013
2,1108,1.00000,95.32970,0.04013
2,1109,1.00000,95.35230,0.04014
2,1110,1.00000,95.37500,0.04015
2,1111,1.00000,95.39760,0.04015
2,1112,1.00000,95.42020,0.04016
2,1113,1.00000,95.44280,0.04016
2,1114,1.00000,95.46540,0.04017
2,1115,1.00000,95.48800,0.04017
2,1116,1.00000,95.51050,0.04018
2,1117,1.00000,95.53310,0.04019
2,1118,1.00000,95.55560,0.04019
2,1119,1.00000,95.57820,0.04020
2,1120,1.00000,95.60070,0.04020
2,1121,1.00000,95.62320,0.04021
2,1122,1.00000,95.64570,0.04021
2,1123,1.00000,95.66820,0.04022
2,1124,1.00000,95.69070,0.04023
2,1125,1.00000,95.71320,0.04023
2,1126,1.00000,95.73560,0.04024
2,1127,1.00000,95.75810,0.04024
2,1128,1.00000,95.78050,0.04025
2,1129,1.00000,95.80300,0.04025
2,1130,1.00000,95.82540,0.04026
2,1131,1.00000,95.84780,0.04026
2,1132,1.00000,95.87020,0.04027
2,1133,1.00000,95.89260,0.04028
2,1134,1.00000,95.91500,0.04028
2,1135,1.00000,95.93740,0.04029
2,1136,1.00000,95.95970,0.04029
2,1137,1.00000,95.98210,0.04030
2,1138,1.00000,96.00440,0.04030
2,1139,1.00000,96.02680,0.04031
2,1140,1.00000,96.04910,0.04032
2,1141,1.00000,96.07140,0.04032
2,1142,1.00000,96.09370,0.04033
2,1143,1.00000,96.11600,0.04033
2,1144,1.00000,96.13830,0.04034
2,1145,1.00000,96.16060,0.04034
2,1146,1.00000,96.18280,0.04035
2,1147,1.00000,96.20510,0.04035
2,1148,1.00000,96.22730,0.04036
2,1149,1.00000,96.24950,0.04036
2,1150,1.00000,96.27180,0.04037
2,1151,1.00000,96.29400,0.04038
2,1152,1.00000,96.31620,0.04038
2,1153,1.00000,96.33840,0.04039
2,1154,1.00000,96.36060,0.04039
2,1155,1.00000,96.38270,0.04040
2,1156,1.00000,96.40490,0.04040
2,1157,1.00000,96.42700,0.04041
2,1158,1.00000,96.44920,0.04041
2,1159,1.00000,96.47130,0.04042
2,1160,1.00000,96.49340,0.04043
2,1161,1.00000,96.51560,0.04043
2,1162,1.00000,96.53770,0.04044
2,1163,1.00000,96.55980,0.04044
2,1164,1.00000,96.58180,0.04045
2,1165,1.00000,96.60390,0.04045
2,1166,1.00000,96.62600,0.04046
2,1167,1.00000,96.64800,0.04046
2,1168,1.00000,96.67010,0.04047
2,1169,1.00000,96.69210,0.04047
2,1170,1.00000,96.71410,0.04048
2,1171,1.00000,96.73620,0.04049
2,1172,1.00000,96.75820,0.04049
2,1173,1.00000,96.78020,0.04050
2,1174,1.00000,96.80210,0.04050
2,1175,1.00000,96.82410,0.04051
2,1176,1.00000,96.84610,0.04051
2,1177,1.00000,96.86800,0.04052
2,1178,1.00000,96.89000,0.04052
2,1179,1.00000,96.91190,0.04053
2,1180,1.00000,96.93390,0.04053
2,1181,1.00000,96.95580,0.04054
2,1182,1.00000,96.97770,0.04054
2,1183,1.00000,96.99960,0.04055
2,1184,1.00000,97.02150,0.04056
2,1185,1.00000,97.04340,0.04056
2,1186,1.00000,97.06520,0.04057
2,1187,1.00000,97.08710,0.04057
2,1188,1.00000,97.10890,0.04058
2,1189,1.00000,97.13080,0.04058
2,1190,1.00000,97.15260,0.04059
2,1191,1.00000,97.17440,0.04059
2,1192,1.00000,97.19630,0.04060
2,1193,1.00000,97.21810,0.04060
2,1194,1.00000,97.23990,0.04061
2,1195,1.00000,97.26160,0.04061
2,1196,1.00000,97.28340,0.04062
2,1197,1.00000,97.30520,0.04063
2,1198,1.00000,97.32690,0.04063
2,1199,1.00000,97.34870,0.04064
2,1200,1.00000,97.37040,0.04064
2,1201,1.00000,97.39220,0.04065
2,1202,1.00000,97.41390,0.04065
2,1203,1.00000,97.43560,0.04066
2,1204,1.00000,97.45730,0.04066
2,1205,1.00000,97.47900,0.04067
2,1206,1.00000,97.50070,0.04067
2,1207,1.00000,97.52230,0.04068
2,1208,1.00000,97.54400,0.04068
2,1209,1.00000,97.56570,0.04069
2,1210,1.00000,97.58730,0.04069
2,1211,1.00000,97.60890,0.04070
2,1212,1.00000,97.63060,0.04070
2,1213,1.00000,97.65220,0.04071
2,1214,1.00000,97.67380,0.04072
2,1215,1.00000,97.69540,0.04072
2,1216,1.00000,97.71700,0.04073
2,1217,1.00000,97.73850,0.04073
2,1218,1.00000,97.76010,0.04074
2,1219,1.00000,97.78170,0.04074
2,1220,1.00000,97.80320,0.04075
2,1221,1.00000,97.82480,0.04075
2,1222,1.00000,97.84630,0.04076
2,1223,1.00000,97.86780,0.04076
2,1224,1.00000,97.88930,0.04077
2,1225,1.00000,97.91080,0.04077
2,1226,1.00000,97.93230,0.04078
2,1227,1.00000,97.95380,0.04078
2,1228,1.00000,97.97530,0.04079
2,1229,1.00000,97.99680,0.04079
2,1230,1.00000,98.01820,0.04080
2,1231,1.00000,98.03970,0.04080
2,1232,1.00000,98.06110,0.04081
2,1233,1.00000,98.08250,0.04081
2,1234,1.00000,98.10390,0.04082
2,1235,1.00000,98.12530,0.04082
2,1236,1.00000,98.14670,0.04083
2,1237,1.00000,98.16810,0.04084
2,1238,1.00000,98.18950,0.04084
2,1239,1.00000,98.21090,0.04085
2,1240,1.00000,98.23220,0.04085
2,1241,1.00000,98.25360,0.04086
2,1242,1.00000,98.27490,0.04086
2,1243,1.00000,98.29630,0.04087
2,1244,1.00000,98.31760,0.04087
2,1245,1.00000,98.33890,0.04088
2,1246,1.00000,98.36020,0.04088
2,1247,1.00000,98.38150,0.04089
2,1248,1.00000,98.40280,0.04089
2,1249,1.00000,98.42410,0.04090
2,1250,1.00000,98.44530,0.04090
2,1251,1.00000,98.46660,0.04091
2,1252,1.00000,98.48780,0.04091
2,1253,1.00000,98.50910,0.04092
2,1254,1.00000,98.53030,0.04092
2,1255,1.00000,98.55150,0.04093
2,1256,1.00000,98.57270,0.04093
2,1257,1.00000,98.59390,0.04094
2,1258,1.00000,98.61510,0.04094
2,1259,1.00000,98.63630,0.04095
2,1260,1.00000,98.65750,0.04095
2,1261,1.00000,98.67860,0.04096
2,1262,1.00000,98.69980,0.04096
2,1263,1.00000,98.72090,0.04097
2,1264,1.00000,98.74210,0.04097
2,1265,1.00000,98.76320,0.04098
2,1266,1.00000,98.78430,0.04098
2,1267,1.00000,98.80540,0.04099
2,1268,1.00000,98.82650,0.04099
2,1269,1.00000,98.84760,0.04100
2,1270,1.00000,98.86870,0.04100
2,1271,1.00000,98.88970,0.04101
2,1272,1.00000,98.91080,0.04101
2,1273,1.00000,98.93180,0.04102
2,1274,1.00000,98.95290,0.04103
2,1275,1.00000,98.97390,0.04103
2,1276,1.00000,98.99490,0.04104
2,1277,1.00000,99.01590,0.04104
2,1278,1.00000,99.03690,0.04105
2,1279,1.00000,99.05790,0.04105
2,1280,1.00000,99.07890,0.04106
2,1281,1.00000,99.09990,0.04106
2,1282,1.00000,99.12080,0.04107
2,1283,1.00000,99.14180,0.04107
2,1284,1.00000,99.16280,0.04108
2,1285,1.00000,99.18370,0.04108
2,1286,1.00000,99.20460,0.04109
2,1287,1.00000,99.22550,0.04109
2,1288,1.00000,99.24640,0.04110
2,1289,1.00000,99.26730,0.04110
2,1290,1.00000,99.28820,0.04111
2,1291,1.00000,99.30910,0.04111
2,1292,1.00000,99.33000,0.04112
2,1293,1.00000,99.35090,0.04112
2,1294,1.00000,99.37170,0.04113
2,1295,1.00000,99.39260,0.04113
2,1296,1.00000,99.41340,0.04114
2,1297,1.00000,99.43420,0.04114
2,1298,1.00000,99.45500,0.04115
2,1299,1.00000,99.47580,0.04115
2,1300,1.00000,99.49660,0.04116
2,1301,1.00000,99.51740,0.04116
2,1302,1.00000,99.53820,0.04117
2,1303,1.00000,99.55900,0.04117
2,1304,1.00000,99.57980,0.04118
2,1305,1.00000,99.60050,0.04118
2,1306,1.00000,99.62120,0.04119
2,1307,1.00000,99.64200,0.04119
2,1308,1.00000,99.66270,0.04120
2,1309,1.00000,99.68340,0.04120
2,1310,1.00000,99.70410,0.04121
2,1311,1.00000,99.72480,0.04121
2,1312,1.00000,99.74550,0.04122
2,1313,1.00000,99.76620,0.04122
2,1314,1.00000,99.78690,0.04123
2,1315,1.00000,99.80750,0.04123
2,1316,1.00000,99.82820,0.04124
2,1317,1.00000,99.84880,0.04124
2,1318,1.00000,99.86950,0.04125
2,1319,1.00000,99.89010,0.04125
2,1320,1.00000,99.91070,0.04126
2,1321,1.00000,99.93130,0.04126
2,1322,1.00000,99.95190,0.04126
2,1323,1.00000,99.97250,0.04127
2,1324,1.00000,99.99310,0.04127
2,1325,1.00000,100.01370,0.04128
2,1326,1.00000,100.03420,0.04128
2,1327,1.00000,100.05480,0.04129
2,1328,1.00000,100.07530,0.04129
2,1329,1.00000,100.09590,0.04130
2,1330,1.00000,100.11640,0.04130
2,1331,1.00000,100.13690,0.04131
2,1332,1.00000,100.15740,0.04131
2,1333,1.00000,100.17790,0.04132
2,1334,1.00000,100.19840,0.04132
2,1335,1.00000,100.21890,0.04133
2,1336,1.00000,100.23940,0.04133
2,1337,1.00000,100.25980,0.04134
2,1338,1.00000,100.28030,0.04134
2,1339,1.00000,100.30070,0.04135
2,1340,1.00000,100.32120,0.04135
2,1341,1.00000,100.34160,0.04136
2,1342,1.00000,100.36200,0.04136
2,1343,1.00000,100.38240,0.04137
2,1344,1.00000,100.40280,0.04137
2,1345,1.00000,100.42320,0.04138
2,1346,1.00000,100.44360,0.04138
2,1347,1.00000,100.46400,0.04139
2,1348,1.00000,100.48430,0.04139
2,1349,1.00000,100.50470,0.04140
2,1350,1.00000,100.52500,0.04140
2,1351,1.00000,100.54540,0.04141
2,1352,1.00000,100.56570,0.04141
2,1353,1.00000,100.58600,0.04142
2,1354,1.00000,100.60630,0.04142
2,1355,1.00000,100.62660,0.04143
2,1356,1.00000,100.64690,0.04143
2,1357,1.00000,100.66720,0.04144
2,1358,1.00000,100.68750,0.04144
2,1359,1.00000,100.70770,0.04145
2,1360,1.00000,100.72800,0.04145
2,1361,1.00000,100.74820,0.04146
2,1362,1.00000,100.76850,0.04146
2,1363,1.00000,100.78870,0.04146
2,1364,1.00000,100.80890,0.04147
2,1365,1.00000,100.82910,0.04147
2,1366,1.00000,100.84930,0.04148
2,1367,1.00000,100.86950,0.04148
2,1368,1.00000,100.88970,0.04149
2,1369,1.00000,100.90990,0.04149
2,1370,1.00000,100.93010,0.04150
2,1371,1.00000,100.95020,0.04150
2,1372,1.00000,100.97040,0.04151
2,1373,1.00000,100.99050,0.04151
2,1374,1.00000,101.01070,0.04152
2,1375,1.00000,101.03080,0.04152
2,1376,1.00000,101.05090,0.04153
2,1377,1.00000,101.07100,0.04153
2,1378,1.00000,101.09110,0.04154
2,1379,1.00000,101.11120,0.04154
2,1380,1.00000,101.13130,0.04155
2,1381,1.00000,101.15140,0.04155
2,1382,1.00000,101.17140,0.04156
2,1383,1.00000,101.19150,0.04156
2,1384,1.00000,101.21150,0.04157
2,1385,1.00000,101.23160,0.04157
2,1386,1.00000,101.25160,0.04158
2,1387,1.00000,101.27160,0.04158
2,1388,1.00000,101.29170,0.04158
2,1389,1.00000,101.31170,0.04159
2,1390,1.00000,101.33170,0.04159
2,1391,1.00000,101.35170,0.04160
2,1392,1.00000,101.37160,0.04160
2,1393,1.00000,101.39160,0.04161
2,1394,1.00000,101.41160,0.04161
2,1395,1.00000,101.43150,0.04162
2,1396,1.00000,101.45150,0.04162
2,1397,1.00000,101.47140,0.04163
2,1398,1.00000,101.49140,0.04163
2,1399,1.00000,101.51130,0.04164
2,1400,1.00000,101.53120,0.04164
2,1401,1.00000,101.55110,0.04165
2,1402,1.00000,101.57100,0.04165
2,1403,1.00000,101.59090,0.04166
2,1404,1.00000,101.61080,0.04166
2,1405,1.00000,101.63060,0.04167
2,1406,1.00000,101.65050,0.04167
2,1407,1.00000,101.67040,0.04167
2,1408,1.00000,101.69020,0.04168
2,1409,1.00000,101.71010,0.04168
2,1410,1.00000,101.72990,0.04169
2,1411,1.00000,101.74970,0.04169
2,1412,1.00000,101.76950,0.04170
2,1413,1.00000,101.78930,0.04170
2,1414,1.00000,101.80910,0.04171
2,1415,1.00000,101.82890,0.04171
2,1416,1.00000,101.84870,0.04172
2,1417,1.00000,101.86850,0.04172
2,1418,1.00000,101.88830,0.04173
2,1419,1.00000,101.90800,0.04173
2,1420,1.00000,101.92780,0.04174
2,1421,1.00000,101.94750,0.04174
2,1422,1.00000,101.96730,0.04175
2,1423,1.00000,101.98700,0.04175
2,1424,1.00000,102.00670,0.04175
2,1425,1.00000,102.02640,0.04176
2,1426,1.00000,102.04610,0.04176
2,1427,1.00000,102.06580,0.04177
2,1428,1.00000,102.08550,0.04177
2,1429,1.00000,102.10520,0.04178
2,1430,1.00000,102.12490,0.04178
2,1431,1.00000,102.14460,0.04179
2,1432,1.00000,102.16420,0.04179
2,1433,1.00000,102.18390,0.04180
2,1434,1.00000,102.20350,0.04180
2,1435,1.00000,102.22320,0.04181
2,1436,1.00000,102.24280,0.04181
2,1437,1.00000,102.26240,0.04181
2,1438,1.00000,102.28200,0.04182
2,1439,1.00000,102.30160,0.04182
2,1440,1.00000,102.32120,0.04183
2,1441,1.00000,102.34080,0.04183
2,1442,1.00000,102.36040,0.04184
2,1443,1.00000,102.38000,0.04184
2,1444,1.00000,102.39960,0.04185
2,1445,1.00000,102.41910,0.04185
2,1446,1.00000,102.43870,0.04186
2,1447,1.00000,102.45820,0.04186
2,1448,1.00000,102.47780,0.04187
2,1449,1.00000,102.49730,0.04187
2,1450,1.00000,102.51680,0.04187
2,1451,1.00000,102.53640,0.04188
2,1452,1.00000,102.55590,0.04188
2,1453,1.00000,102.57540,0.04189
2,1454,1.00000,102.59490,0.04189
2,1455,1.00000,102.61440,0.04190
2,1456,1.00000,102.63380,0.04190
2,1457,1.00000,102.65330,0.04191
2,1458,1.00000,102.67280,0.04191
2,1459,1.00000,102.69230,0.04192
2,1460,1.00000,102.71170,0.04192
2,1461,1.00000,102.73120,0.04193
2,1462,1.00000,102.75060,0.04193
2,1463,1.00000,102.77000,0.04193
2,1464,1.00000,102.78950,0.04194
2,1465,1.00000,102.80890,0.04194
2,1466,1.00000,102.82830,0.04195
2,1467,1.00000,102.84770,0.04195
2,1468,1.00000,102.86710,0.04196
2,1469,1.00000,102.88650,0.04196
2,1470,1.00000,102.90590,0.04197
2,1471,1.00000,102.92520,0.04197
2,1472,1.00000,102.94460,0.04198
2,1473,1.00000,102.96400,0.04198
2,1474,1.00000,102.98330,0.04198
2,1475,1.00000,103.00270,0.04199
2,1476,1.00000,103.02200,0.04199
2,1477,1.00000,103.04140,0.04200
2,1478,1.00000,103.06070,0.04200
2,1479,1.00000,103.08000,0.04201
2,1480,1.00000,103.09930,0.04201
2,1481,1.00000,103.11860,0.04202
2,1482,1.00000,103.13790,0.04202
2,1483,1.00000,103.15720,0.04203
2,1484,1.00000,103.17650,0.04203
2,1485,1.00000,103.19580,0.04203
2,1486,1.00000,103.21510,0.04204
2,1487,1.00000,103.23430,0.04204
2,1488,1.00000,103.25360,0.04205
2,1489,1.00000,103.27280,0.04205
2,1490,1.00000,103.29210,0.04206
2,1491,1.00000,103.31130,0.04206
2,1492,1.00000,103.33060,0.04207
2,1493,1.00000,103.34980,0.04207
2,1494,1.00000,103.36900,0.04208
2,1495,1.00000,103.38820,0.04208
2,1496,1.00000,103.40740,0.04208
2,1497,1.00000,103.42660,0.04209
2,1498,1.00000,103.44580,0.04209
2,1499,1.00000,103.46500,0.04210
2,1500,1.00000,103.48420,0.04210
2,1501,1.00000,103.50340,0.04211
2,1502,1.00000,103.52250,0.04211
2,1503,1.00000,103.54170,0.04212
2,1504,1.00000,103.56080,0.04212
2,1505,1.00000,103.58000,0.04212
2,1506,1.00000,103.59910,0.04213
2,1507,1.00000,103.61830,0.04213
2,1508,1.00000,103.63740,0.04214
2,1509,1.00000,103.65650,0.04214
2,1510,1.00000,103.67560,0.04215
2,1511,1.00000,103.69470,0.04215
2,1512,1.00000,103.71380,0.04216
2,1513,1.00000,103.73290,0.04216
2,1514,1.00000,103.75200,0.04216
2,1515,1.00000,103.77110,0.04217
2,1516,1.00000,103.79020,0.04217
2,1517,1.00000,103.80920,0.04218
2,1518,1.00000,103.82830,0.04218
2,1519,1.00000,103.84730,0.04219
2,1520,1.00000,103.86640,0.04219
2,1521,1.00000,103.88540,0.04220
2,1522,1.00000,103.90450,0.04220
2,1523,1.00000,103.92350,0.04220
2,1524,1.00000,103.94250,0.04221
2,1525,1.00000,103.96160,0.04221
2,1526,1.00000,103.98060,0.04222
2,1527,1.00000,103.99960,0.04222
2,1528,1.00000,104.01860,0.04223
2,1529,1.00000,104.03760,0.04223
2,1530,1.00000,104.05650,0.04224
2,1531,1.00000,104.07550,0.04224
2,1532,1.00000,104.09450,0.04224
2,1533,1.00000,104.11350,0.04225
2,1534,1.00000,104.13240,0.04225
2,1535,1.00000,104.15140,0.04226
2,1536,1.00000,104.17030,0.04226
2,1537,1.00000,104.18930,0.04227
2,1538,1.00000,104.20820,0.04227
2,1539,1.00000,104.22710,0.04227
2,1540,1.00000,104.24610,0.04228
2,1541,1.00000,104.26500,0.04228
2,1542,1.00000,104.28390,0.04229
2,1543,1.00000,104.30280,0.04229
2,1544,1.00000,104.32170,0.04230
2,1545,1.00000,104.34060,0.04230
2,1546,1.00000,104.35950,0.04231
2,1547,1.00000,104.37840,0.04231
2,1548,1.00000,104.39720,0.04231
2,1549,1.00000,104.41610,0.04232
2,1550,1.00000,104.43500,0.04232
2,1551,1.00000,104.45380,0.04233
2,1552,1.00000,104.47270,0.04233
2,1553,1.00000,104.49150,0.04234
2,1554,1.00000,104.51040,0.04234
2,1555,1.00000,104.52920,0.04234
2,1556,1.00000,104.54800,0.04235
2,1557,1.00000,104.56680,0.04235
2,1558,1.00000,104.58560,0.04236
2,1559,1.00000,104.60450,0.04236
2,1560,1.00000,104.62330,0.04237
2,1561,1.00000,104.64210,0.04237
2,1562,1.00000,104.66080,0.04238
2,1563,1.00000,104.67960,0.04238
2,1564,1.00000,104.69840,0.04238
2,1565,1.00000,104.71720,0.04239
2,1566,1.00000,104.73600,0.04239
2,1567,1.00000,104.75470,0.04240
2,1568,1.00000,104.77350,0.04240
2,1569,1.00000,104.79220,0.04241
2,1570,1.00000,104.81100,0.04241
2,1571,1.00000,104.82970,0.04241
2,1572,1.00000,104.84840,0.04242
2,1573,1.00000,104.86720,0.04242
2,1574,1.00000,104.88590,0.04243
2,1575,1.00000,104.90460,0.04243
2,1576,1.00000,104.92330,0.04244
2,1577,1.00000,104.94200,0.04244
2,1578,1.00000,104.96070,0.04244
2,1579,1.00000,104.97940,0.04245
2,1580,1.00000,104.99810,0.04245
2,1581,1.00000,105.01670,0.04246
2,1582,1.00000,105.03540,0.04246
2,1583,1.00000,105.05410,0.04247
2,1584,1.00000,105.07270,0.04247
2,1585,1.00000,105.09140,0.04247
2,1586,1.00000,105.11000,0.04248
2,1587,1.00000,105.12870,0.04248
2,1588,1.00000,105.14730,0.04249
2,1589,1.00000,105.16600,0.04249
2,1590,1.00000,105.18460,0.04250
2,1591,1.00000,105.20320,0.04250
2,1592,1.00000,105.22180,0.04250
2,1593,1.00000,105.24040,0.04251
2,1594,1.00000,105.25900,0.04251
2,1595,1.00000,105.27760,0.04252
2,1596,1.00000,105.29620,0.04252
2,1597,1.00000,105.31480,0.04253
2,1598,1.00000,105.33340,0.04253
2,1599,1.00000,105.35200,0.04253
2,1600,1.00000,105.37050,0.04254
2,1601,1.00000,105.38910,0.04254
2,1602,1.00000,105.40760,0.04255
2,1603,1.00000,105.42620,0.04255
2,1604,1.00000,105.44470,0.04256
2,1605,1.00000,105.46330,0.04256
2,1606,1.00000,105.48180,0.04256
2,1607,1.00000,105.50030,0.04257
2,1608,1.00000,105.51890,0.04257
2,1609,1.00000,105.53740,0.04258
2,1610,1.00000,105.55590,0.04258
2,1611,1.00000,105.57440,0.04259
2,1612,1.00000,105.59290,0.04259
2,1613,1.00000,105.61140,0.04259
2,1614,1.00000,105.62990,0.04260
2,1615,1.00000,105.64830,0.04260
2,1616,1.00000,105.66680,0.04261
2,1617,1.00000,105.68530,0.04261
2,1618,1.00000,105.70370,0.04262
2,1619,1.00000,105.72220,0.04262
2,1620,1.00000,105.74060,0.04262
2,1621,1.00000,105.75910,0.04263
2,1622,1.00000,105.77750,0.04263
2,1623,1.00000,105.79600,0.04264
2,1624,1.00000,105.81440,0.04264
2,1625,1.00000,105.83280,0.04264
2,1626,1.00000,105.85120,0.04265
2,1627,1.00000,105.86960,0.04265
2,1628,1.00000,105.88800,0.04266
2,1629,1.00000,105.90640,0.04266
2,1630,1.00000,105.92480,0.04267
2,1631,1.00000,105.94320,0.04267
2,1632,1.00000,105.96160,0.04267
2,1633,1.00000,105.98000,0.04268
2,1634,1.00000,105.99830,0.04268
2,1635,1.00000,106.01670,0.04269
2,1636,1.00000,106.03510,0.04269
2,1637,1.00000,106.05340,0.04270
2,1638,1.00000,106.07180,0.04270
2,1639,1.00000,106.09010,0.04270
2,1640,1.00000,106.10840,0.04271
2,1641,1.00000,106.12680,0.04271
2,1642,1.00000,106.14510,0.04272
2,1643,1.00000,106.16340,0.04272
2,1644,1.00000,106.18170,0.04272
2,1645,1.00000,106.20000,0.04273
2,1646,1.00000,106.21830,0.04273
2,1647,1.00000,106.23660,0.04274
2,1648,1.00000,106.25490,0.04274
2,1649,1.00000,106.27320,0.04275
2,1650,1.00000,106.29150,0.04275
2,1651,1.00000,106.30970,0.04275
2,1652,1.00000,106.32800,0.04276
2,1653,1.00000,106.34630,0.04276
2,1654,1.00000,106.36450,0.04277
2,1655,1.00000,106.38280,0.04277
2,1656,1.00000,106.40100,0.04277
2,1657,1.00000,106.41920,0.04278
2,1658,1.00000,106.43750,0.04278
2,1659,1.00000,106.45570,0.04279
2,1660,1.00000,106.47390,0.04279
2,1661,1.00000,106.49210,0.04280
2,1662,1.00000,106.51030,0.04280
2,1663,1.00000,106.52850,0.04280
2,1664,1.00000,106.54670,0.04281
2,1665,1.00000,106.56490,0.04281
2,1666,1.00000,106.58310,0.04282
2,1667,1.00000,106.60130,0.04282
2,1668,1.00000,106.61950,0.04282
2,1669,1.00000,106.63760,0.04283
2,1670,1.00000,106.65580,0.04283
2,1671,1.00000,106.67390,0.04284
2,1672,1.00000,106.69210,0.04284
2,1673,1.00000,106.71020,0.04285
2,1674,1.00000,106.72840,0.04285
2,1675,1.00000,106.74650,0.04285
2,1676,1.00000,106.76460,0.04286
2,1677,1.00000,106.78280,0.04286
2,1678,1.00000,106.80090,0.04287
2,1679,1.00000,106.81900,0.04287
2,1680,1.00000,106.83710,0.04287
2,1681,1.00000,106.85520,0.04288
2,1682,1.00000,106.87330,0.04288
2,1683,1.00000,106.89140,0.04289
2,1684,1.00000,106.90940,0.04289
2,1685,1.00000,106.92750,0.04289
2,1686,1.00000,106.94560,0.04290
2,1687,1.00000,106.96360,0.04290
2,1688,1.00000,106.98170,0.04291
2,1689,1.00000,106.99980,0.04291
2,1690,1.00000,107.01780,0.04292
2,1691,1.00000,107.03580,0.04292
2,1692,1.00000,107.05390,0.04292
2,1693,1.00000,107.07190,0.04293
2,1694,1.00000,107.08990,0.04293
2,1695,1.00000,107.10790,0.04294
2,1696,1.00000,107.12600,0.04294
2,1697,1.00000,107.14400,0.04294
2,1698,1.00000,107.16200,0.04295
2,1699,1.00000,107.17990,0.04295
2,1700,1.00000,107.19790,0.04296
2,1701,1.00000,107.21590,0.04296
2,1702,1.00000,107.23390,0.04296
2,1703,1.00000,107.25190,0.04297
2,1704,1.00000,107.26980,0.04297
2,1705,1.00000,107.28780,0.04298
2,1706,1.00000,107.30570,0.04298
2,1707,1.00000,107.32370,0.04299
2,1708,1.00000,107.34160,0.04299
2,1709,1.00000,107.35960,0.04299
2,1710,1.00000,107.37750,0.04300
2,1711,1.00000,107.39540,0.04300
2,1712,1.00000,107.41330,0.04301
2,1713,1.00000,107.43120,0.04301
2,1714,1.00000,107.44920,0.04301
2,1715,1.00000,107.46710,0.04302
2,1716,1.00000,107.48490,0.04302
2,1717,1.00000,107.50280,0.04303
2,1718,1.00000,107.52070,0.04303
2,1719,1.00000,107.53860,0.04303
2,1720,1.00000,107.55650,0.04304
2,1721,1.00000,107.57430,0.04304
2,1722,1.00000,107.59220,0.04305
2,1723,1.00000,107.61000,0.04305
2,1724,1.00000,107.62790,0.04305
2,1725,1.00000,107.64570,0.04306
2,1726,1.00000,107.66360,0.04306
2,1727,1.00000,107.68140,0.04307
2,1728,1.00000,107.69920,0.04307
2,1729,1.00000,107.71700,0.04308
2,1730,1.00000,107.73490,0.04308
2,1731,1.00000,107.75270,0.04308
2,1732,1.00000,107.77050,0.04309
2,1733,1.00000,107.78830,0.04309
2,1734,1.00000,107.80600,0.04310
2,1735,1.00000,107.82380,0.04310
2,1736,1.00000,107.84160,0.04310
2,1737,1.00000,107.85940,0.04311
2,1738,1.00000,107.87720,0.04311
2,1739,1.00000,107.89490,0.04312
2,1740,1.00000,107.91270,0.04312
2,1741,1.00000,107.93040,0.04312
2,1742,1.00000,107.94820,0.04313
2,1743,1.00000,107.96590,0.04313
2,1744,1.00000,107.98360,0.04314
2,1745,1.00000,108.00140,0.04314
2,1746,1.00000,108.01910,0.04314
2,1747,1.00000,108.03680,0.04315
2,1748,1.00000,108.05450,0.04315
2,1749,1.00000,108.07220,0.04316
2,1750,1.00000,108.08990,0.04316
2,1751,1.00000,108.10760,0.04316
2,1752,1.00000,108.12530,0.04317
2,1753,1.00000,108.14300,0.04317
2,1754,1.00000,108.16070,0.04318
2,1755,1.00000,108.17830,0.04318
2,1756,1.00000,108.19600,0.04318
2,1757,1.00000,108.21370,0.04319
2,1758,1.00000,108.23130,0.04319
2,1759,1.00000,108.24900,0.04320
2,1760,1.00000,108.26660,0.04320
2,1761,1.00000,108.28420,0.04321
2,1762,1.00000,108.30190,0.04321
2,1763,1.00000,108.31950,0.04321
2,1764,1.00000,108.33710,0.04322
2,1765,1.00000,108.35470,0.04322
2,1766,1.00000,108.37230,0.04323
2,1767,1.00000,108.38990,0.04323
2,1768,1.00000,108.40750,0.04323
2,1769,1.00000,108.42510,0.04324
2,1770,1.00000,108.44270,0.04324
2,1771,1.00000,108.46030,0.04325
2,1772,1.00000,108.47790,0.04325
2,1773,1.00000,108.49540,0.04325
2,1774,1.00000,108.51300,0.04326
2,1775,1.00000,108.53060,0.04326
2,1776,1.00000,108.54810,0.04327
2,1777,1.00000,108.56570,0.04327
2,1778,1.00000,108.58320,0.04327
2,1779,1.00000,108.60080,0.04328
2,1780,1.00000,108.61830,0.04328
2,1781,1.00000,108.63580,0.04329
2,1782,1.00000,108.65330,0.04329
2,1783,1.00000,108.67090,0.04329
2,1784,1.00000,108.68840,0.04330
2,1785,1.00000,108.70590,0.04330
2,1786,1.00000,108.72340,0.04331
2,1787,1.00000,108.74090,0.04331
2,1788,1.00000,108.75830,0.04331
2,1789,1.00000,108.77580,0.04332
2,1790,1.00000,108.79330,0.04332
2,1791,1.00000,108.81080,0.04333
2,1792,1.00000,108.82820,0.04333
2,1793,1.00000,108.84570,0.04333
2,1794,1.00000,108.86320,0.04334
2,1795,1.00000,108.88060,0.04334
2,1796,1.00000,108.89810,0.04335
2,1797,1.00000,108.91550,0.04335
2,1798,1.00000,108.93290,0.04335
2,1799,1.00000,108.95040,0.04336
2,1800,1.00000,108.96780,0.04336
2,1801,1.00000,108.98520,0.04337
2,1802,1.00000,109.00260,0.04337
2,1803,1.00000,109.02000,0.04337
2,1804,1.00000,109.03740,0.04338
2,1805,1.00000,109.05480,0.04338
2,1806,1.00000,109.07220,0.04339
2,1807,1.00000,109.08960,0.04339
2,1808,1.00000,109.10700,0.04339
2,1809,1.00000,109.12440,0.04340
2,1810,1.00000,109.14170,0.04340
2,1811,1.00000,109.15910,0.04341
2,1812,1.00000,109.17640,0.04341
2,1813,1.00000,109.19380,0.04341
2,1814,1.00000,109.21120,0.04342
2,1815,1.00000,109.22850,0.04342
2,1816,1.00000,109.24580,0.04343
2,1817,1.00000,109.26320,0.04343
2,1818,1.00000,109.28050,0.04343
2,1819,1.00000,109.29780,0.04344
2,1820,1.00000,109.31510,0.04344
2,1821,1.00000,109.33240,0.04345
2,1822,1.00000,109.34980,0.04345
2,1823,1.00000,109.36710,0.04345
2,1824,1.00000,109.38440,0.04346
2,1825,1.00000,109.40160,0.04346
2,1826,1.00000,109.41890,0.04346
2,1827,1.00000,109.43620,0.04347
2,1828,1.00000,109.45350,0.04347
2,1829,1.00000,109.47080,0.04348
2,1830,1.00000,109.48800,0.04348
2,1831,1.00000,109.50530,0.04348
2,1832,1.00000,109.52250,0.04349
2,1833,1.00000,109.53980,0.04349
2,1834,1.00000,109.55700,0.04350
2,1835,1.00000,109.57430,0.04350
2,1836,1.00000,109.59150,0.04350
2,1837,1.00000,109.60880,0.04351
2,1838,1.00000,109.62600,0.04351
2,1839,1.00000,109.64320,0.04352
2,1840,1.00000,109.66040,0.04352
2,1841,1.00000,109.67760,0.04352
2,1842,1.00000,109.69480,0.04353
2,1843,1.00000,109.71200,0.04353
2,1844,1.00000,109.72920,0.04354
2,1845,1.00000,109.74640,0.04354
2,1846,1.00000,109.76360,0.04354
2,1847,1.00000,109.78080,0.04355
2,1848,1.00000,109.79800,0.04355
2,1849,1.00000,109.81510,0.04356
2,1850,1.00000,109.83230,0.04356
2,1851,1.00000,109.84940,0.04356
2,1852,1.00000,109.86660,0.04357
2,1853,1.00000,109.88370,0.04357
2,1854,1.00000,109.90090,0.04358
2,1855,1.00000,109.91800,0.04358
2,1856,1.00000,109.93520,0.04358
