sex,age_days,l,m,s
1,0,0.34870,3.34640,0.14602
1,1,0.31270,3.31740,0.14693
1,2,0.30290,3.33700,0.14676
1,3,0.29590,3.36270,0.14647
1,4,0.29030,3.39150,0.14611
1,5,0.28550,3.42230,0.14571
1,6,0.28130,3.45450,0.14528
1,7,0.27760,3.48790,0.14483
1,8,0.27420,3.52220,0.14436
1,9,0.27110,3.55760,0.14388
1,10,0.26810,3.59410,0.14339
1,11,0.26540,3.63190,0.14290
1,12,0.26280,3.67100,0.14241
1,13,0.26040,3.71130,0.14192
1,14,0.25810,3.75290,0.14142
1,15,0.25580,3.79560,0.14093
1,16,0.25370,3.83890,0.14044
1,17,0.25170,3.88280,0.13996
1,18,0.24970,3.92700,0.13948
1,19,0.24780,3.97140,0.13900
1,20,0.24600,4.01580,0.13853
1,21,0.24420,4.06030,0.13807
1,22,0.24250,4.10460,0.13761
1,23,0.24080,4.14890,0.13715
1,24,0.23920,4.19300,0.13670
1,25,0.23760,4.23690,0.13626
1,26,0.23610,4.28060,0.13582
1,27,0.23460,4.32400,0.13539
1,28,0.23310,4.36710,0.13497
1,29,0.23170,4.41000,0.13455
1,30,0.23030,4.45250,0.13413
1,31,0.22900,4.49460,0.13372
1,32,0.22760,4.53630,0.13332
1,33,0.22630,4.57760,0.13292
1,34,0.22500,4.61850,0.13253
1,35,0.22370,4.65900,0.13215
1,36,0.22250,4.69900,0.13177
1,37,0.22130,4.73860,0.13139
1,38,0.22010,4.77780,0.13102
1,39,0.21890,4.81660,0.13066
1,40,0.21780,4.85490,0.13030
1,41,0.21660,4.89280,0.12994
1,42,0.21550,4.93030,0.12960
1,43,0.21440,4.96740,0.12925
1,44,0.21330,5.00410,0.12891
1,45,0.21220,5.04040,0.12858
1,46,0.21120,5.07630,0.12825
1,47,0.21010,5.11180,0.12792
1,48,0.20910,5.14690,0.12760
1,49,0.20810,5.18170,0.12729
1,50,0.20710,5.21610,0.12698
1,51,0.20610,5.25010,0.12667
1,52,0.20520,5.28370,0.12637
1,53,0.20420,5.31710,0.12607
1,54,0.20320,5.35000,0.12577
1,55,0.20230,5.38260,0.12548
1,56,0.20140,5.41490,0.12520
1,57,0.20050,5.44680,0.12491
1,58,0.19960,5.47840,0.12463
1,59,0.19870,5.50970,0.12436
1,60,0.19780,5.54070,0.12409
1,61,0.19690,5.57140,0.12382
1,62,0.19600,5.60180,0.12356
1,63,0.19520,5.63190,0.12330
1,64,0.19430,5.66170,0.12304
1,65,0.19350,5.69120,0.12279
1,66,0.19260,5.72050,0.12254
1,67,0.19180,5.74940,0.12229
1,68,0.19100,5.77810,0.12205
1,69,0.19020,5.80650,0.12181
1,70,0.18940,5.83460,0.12157
1,71,0.18860,5.86250,0.12134
1,72,0.18780,5.89010,0.12111
1,73,0.18700,5.91740,0.12088
1,74,0.18630,5.94450,0.12066
1,75,0.18550,5.97130,0.12044
1,76,0.18470,5.99790,0.12022
1,77,0.18400,6.02420,0.12001
1,78,0.18320,6.05030,0.11980
1,79,0.18250,6.07620,0.11959
1,80,0.18180,6.10180,0.11939
1,81,0.18100,6.12720,0.11918
1,82,0.18030,6.15230,0.11899
1,83,0.17960,6.17720,0.11879
1,84,0.17890,6.20190,0.11860
1,85,0.17820,6.22640,0.11841
1,86,0.17750,6.25070,0.11822
1,87,0.17680,6.27480,0.11803
1,88,0.17610,6.29860,0.11785
1,89,0.17540,6.32230,0.11767
1,90,0.17470,6.34570,0.11750
1,91,0.17400,6.36900,0.11732
1,92,0.17340,6.39210,0.11715
1,93,0.17270,6.41490,0.11698
1,94,0.17200,6.43760,0.11682
1,95,0.17140,6.46010,0.11666
1,96,0.17070,6.48240,0.11649
1,97,0.17010,6.50460,0.11634
1,98,0.16940,6.52650,0.11618
1,99,0.16880,6.54830,0.11603
1,100,0.16820,6.56990,0.11588
1,101,0.16750,6.59140,0.11573
1,102,0.16690,6.61260,0.11558
1,103,0.16630,6.63380,0.11544
1,104,0.16570,6.65470,0.11530
1,105,0.16510,6.67550,0.11516
1,106,0.16440,6.69620,0.11502
1,107,0.16380,6.71660,0.11489
1,108,0.16320,6.73700,0.11476
1,109,0.16260,6.75720,0.11463
1,110,0.16200,6.77720,0.11450
1,111,0.16140,6.79710,0.11438
1,112,0.16090,6.81680,0.11425
1,113,0.16030,6.83650,0.11413
1,114,0.15970,6.85590,0.11401
1,115,0.15910,6.87530,0.11390
1,116,0.15850,6.89450,0.11378
1,117,0.15800,6.91350,0.11367
1,118,0.15740,6.93250,0.11356
1,119,0.15680,6.95130,0.11345
1,120,0.15630,6.96990,0.11334
1,121,0.15570,6.98850,0.11324
1,122,0.15510,7.00690,0.11313
1,123,0.15460,7.02520,0.11303
1,124,0.15400,7.04340,0.11293
1,125,0.15350,7.06150,0.11283
1,126,0.15290,7.07940,0.11274
1,127,0.15240,7.09720,0.11265
1,128,0.15190,7.11490,0.11255
1,129,0.15130,7.13250,0.11246
1,130,0.15080,7.15000,0.11237
1,131,0.15020,7.16740,0.11229
1,132,0.14970,7.18460,0.11220
1,133,0.14920,7.20180,0.11212
1,134,0.14870,7.21880,0.11204
1,135,0.14810,7.23570,0.11196
1,136,0.14760,7.25250,0.11188
1,137,0.14710,7.26920,0.11180
1,138,0.14660,7.28580,0.11172
1,139,0.14610,7.30230,0.11165
1,140,0.14560,7.31870,0.11158
1,141,0.14510,7.33500,0.11150
1,142,0.14460,7.35120,0.11143
1,143,0.14410,7.36730,0.11137
1,144,0.14360,7.38330,0.11130
1,145,0.14310,7.39920,0.11123
1,146,0.14260,7.41500,0.11117
1,147,0.14210,7.43070,0.11111
1,148,0.14160,7.44630,0.11104
1,149,0.14110,7.46180,0.11098
1,150,0.14060,7.47720,0.11092
1,151,0.14010,7.49250,0.11087
1,152,0.13960,7.50770,0.11081
1,153,0.13910,7.52280,0.11075
1,154,0.13870,7.53790,0.11070
1,155,0.13820,7.55280,0.11065
1,156,0.13770,7.56770,0.11059
1,157,0.13720,7.58240,0.11054
1,158,0.13680,7.59710,0.11049
1,159,0.13630,7.61170,0.11044
1,160,0.13580,7.62620,0.11040
1,161,0.13540,7.64060,0.11035
1,162,0.13490,7.65500,0.11031
1,163,0.13440,7.66920,0.11026
1,164,0.13400,7.68340,0.11022
1,165,0.13350,7.69750,0.11018
1,166,0.13310,7.71150,0.11013
1,167,0.13260,7.72550,0.11009
1,168,0.13220,7.73940,0.11005
1,169,0.13170,7.75320,0.11002
1,170,0.13130,7.76690,0.10998
1,171,0.13080,7.78050,0.10994
1,172,0.13040,7.79410,0.10991
1,173,0.12990,7.80760,0.10987
1,174,0.12950,7.82100,0.10984
1,175,0.12900,7.83440,0.10980
1,176,0.12860,7.84770,0.10977
1,177,0.12820,7.86090,0.10974
1,178,0.12770,7.87410,0.10971
1,179,0.12730,7.88710,0.10968
1,180,0.12690,7.90020,0.10965
1,181,0.12640,7.91310,0.10962
1,182,0.12600,7.92600,0.10959
1,183,0.12560,7.93890,0.10957
1,184,0.12510,7.95160,0.10954
1,185,0.12470,7.96430,0.10951
1,186,0.12430,7.97700,0.10949
1,187,0.12390,7.98950,0.10946
1,188,0.12350,8.00210,0.10944
1,189,0.12300,8.01450,0.10942
1,190,0.12260,8.02690,0.10940
1,191,0.12220,8.03920,0.10937
1,192,0.12180,8.05150,0.10935
1,193,0.12140,8.06370,0.10933
1,194,0.12100,8.07590,0.10931
1,195,0.12060,8.08790,0.10929
1,196,0.12010,8.10000,0.10927
1,197,0.11970,8.11200,0.10925
1,198,0.11930,8.12390,0.10924
1,199,0.11890,8.13570,0.10922
1,200,0.11850,8.14750,0.10920
1,201,0.11810,8.15930,0.10919
1,202,0.11770,8.17100,0.10917
1,203,0.11730,8.18260,0.10915
1,204,0.11690,8.19420,0.10914
1,205,0.11650,8.20580,0.10913
1,206,0.11610,8.21730,0.10911
1,207,0.11570,8.22870,0.10910
1,208,0.11530,8.24010,0.10908
1,209,0.11490,8.25140,0.10907
1,210,0.11450,8.26270,0.10906
1,211,0.11420,8.27390,0.10905
1,212,0.11380,8.28510,0.10903
1,213,0.11340,8.29630,0.10902
1,214,0.11300,8.30740,0.10901
1,215,0.11260,8.31840,0.10900
1,216,0.11220,8.32940,0.10899
1,217,0.11180,8.34040,0.10898
1,218,0.11150,8.35130,0.10897
1,219,0.11110,8.36210,0.10896
1,220,0.11070,8.37290,0.10895
1,221,0.11030,8.38370,0.10894
1,222,0.10990,8.39440,0.10894
1,223,0.10960,8.40510,0.10893
1,224,0.10920,8.41570,0.10892
1,225,0.10880,8.42630,0.10891
1,226,0.10840,8.43690,0.10891
1,227,0.10810,8.44740,0.10890
1,228,0.10770,8.45780,0.10889
1,229,0.10730,8.46830,0.10889
1,230,0.10700,8.47870,0.10888
1,231,0.10660,8.48900,0.10887
1,232,0.10620,8.49930,0.10887
1,233,0.10590,8.50960,0.10886
1,234,0.10550,8.51980,0.10886
1,235,0.10510,8.53000,0.10885
1,236,0.10480,8.54010,0.10885
1,237,0.10440,8.55020,0.10884
1,238,0.10400,8.56030,0.10884
1,239,0.10370,8.57040,0.10884
1,240,0.10330,8.58040,0.10883
1,241,0.10300,8.59030,0.10883
1,242,0.10260,8.60030,0.10882
1,243,0.10230,8.61020,0.10882
1,244,0.10190,8.62000,0.10882
1,245,0.10150,8.62990,0.10882
1,246,0.10120,8.63970,0.10881
1,247,0.10080,8.64940,0.10881
1,248,0.10050,8.65920,0.10881
1,249,0.10010,8.66890,0.10881
1,250,0.09980,8.67850,0.10881
1,251,0.09940,8.68820,0.10880
1,252,0.09910,8.69780,0.10880
1,253,0.09870,8.70730,0.10880
1,254,0.09840,8.71690,0.10880
1,255,0.09810,8.72640,0.10880
1,256,0.09770,8.73590,0.10880
1,257,0.09740,8.74530,0.10880
1,258,0.09700,8.75480,0.10880
1,259,0.09670,8.76420,0.10880
1,260,0.09630,8.77350,0.10880
1,261,0.09600,8.78290,0.10880
1,262,0.09570,8.79220,0.10880
1,263,0.09530,8.80150,0.10880
1,264,0.09500,8.81070,0.10880
1,265,0.09470,8.82000,0.10880
1,266,0.09430,8.82920,0.10880
1,267,0.09400,8.83840,0.10880
1,268,0.09370,8.84750,0.10880
1,269,0.09330,8.85670,0.10880
1,270,0.09300,8.86580,0.10880
1,271,0.09270,8.87480,0.10880
1,272,0.09230,8.88390,0.10881
1,273,0.09200,8.89290,0.10881
1,274,0.09170,8.90190,0.10881
1,275,0.09130,8.91090,0.10881
1,276,0.09100,8.91990,0.10881
1,277,0.09070,8.92880,0.10882
1,278,0.09040,8.93770,0.10882
1,279,0.09000,8.94660,0.10882
1,280,0.08970,8.95550,0.10882
1,281,0.08940,8.96430,0.10882
1,282,0.08910,8.97310,0.10883
1,283,0.08870,8.98190,0.10883
1,284,0.08840,8.99070,0.10883
1,285,0.08810,8.99950,0.10884
1,286,0.08780,9.00820,0.10884
1,287,0.08750,9.01690,0.10884
1,288,0.08710,9.02560,0.10884
1,289,0.08680,9.03420,0.10885
1,290,0.08650,9.04290,0.10885
1,291,0.08620,9.05150,0.10885
1,292,0.08590,9.06010,0.10886
1,293,0.08560,9.06870,0.10886
1,294,0.08520,9.07720,0.10887
1,295,0.08490,9.08580,0.10887
1,296,0.08460,9.09430,0.10887
1,297,0.08430,9.10280,0.10888
1,298,0.08400,9.11130,0.10888
1,299,0.08370,9.11980,0.10888
1,300,0.08340,9.12820,0.10889
1,301,0.08310,9.13660,0.10889
1,302,0.08270,9.14500,0.10890
1,303,0.08240,9.15340,0.10890
1,304,0.08210,9.16180,0.10890
1,305,0.08180,9.17010,0.10891
1,306,0.08150,9.17850,0.10891
1,307,0.08120,9.18680,0.10892
1,308,0.08090,9.19510,0.10892
1,309,0.08060,9.20340,0.10893
1,310,0.08030,9.21170,0.10893
1,311,0.08000,9.21990,0.10894
1,312,0.07970,9.22820,0.10894
1,313,0.07940,9.23640,0.10894
1,314,0.07910,9.24460,0.10895
1,315,0.07880,9.25280,0.10895
1,316,0.07850,9.26100,0.10896
1,317,0.07820,9.26910,0.10896
1,318,0.07790,9.27730,0.10897
1,319,0.07760,9.28540,0.10897
1,320,0.07730,9.29350,0.10898
1,321,0.07700,9.30160,0.10898
1,322,0.07670,9.30970,0.10899
1,323,0.07640,9.31780,0.10899
1,324,0.07610,9.32580,0.10900
1,325,0.07580,9.33390,0.10901
1,326,0.07550,9.34190,0.10901
1,327,0.07520,9.34990,0.10902
1,328,0.07490,9.35790,0.10902
1,329,0.07460,9.36590,0.10903
1,330,0.07440,9.37390,0.10903
1,331,0.07410,9.38190,0.10904
1,332,0.07380,9.38980,0.10904
1,333,0.07350,9.39780,0.10905
1,334,0.07320,9.40570,0.10905
1,335,0.07290,9.41360,0.10906
1,336,0.07260,9.42150,0.10907
1,337,0.07230,9.42940,0.10907
1,338,0.07200,9.43730,0.10908
1,339,0.07180,9.44520,0.10908
1,340,0.07150,9.45300,0.10909
1,341,0.07120,9.46090,0.10910
1,342,0.07090,9.46870,0.10910
1,343,0.07060,9.47650,0.10911
1,344,0.07030,9.48440,0.10911
1,345,0.07010,9.49220,0.10912
1,346,0.06980,9.49990,0.10913
1,347,0.06950,9.50770,0.10913
1,348,0.06920,9.51550,0.10914
1,349,0.06890,9.52320,0.10915
1,350,0.06860,9.53100,0.10915
1,351,0.06840,9.53870,0.10916
1,352,0.06810,9.54640,0.10916
1,353,0.06780,9.55420,0.10917
1,354,0.06750,9.56190,0.10918
1,355,0.06720,9.56960,0.10918
1,356,0.06700,9.57720,0.10919
1,357,0.06670,9.58490,0.10920
1,358,0.06640,9.59260,0.10920
1,359,0.06610,9.60020,0.10921
1,360,0.06590,9.60790,0.10922
1,361,0.06560,9.61550,0.10922
1,362,0.06530,9.62310,0.10923
1,363,0.06500,9.63080,0.10924
1,364,0.06480,9.63840,0.10925
1,365,0.06450,9.64600,0.10925
1,366,0.06420,9.65350,0.10926
1,367,0.06400,9.66110,0.10927
1,368,0.06370,9.66870,0.10927
1,369,0.06340,9.67630,0.10928
1,370,0.06310,9.68380,0.10929
1,371,0.06290,9.69140,0.10930
1,372,0.06260,9.69890,0.10930
1,373,0.06230,9.70640,0.10931
1,374,0.06210,9.71390,0.10932
1,375,0.06180,9.72140,0.10933
1,376,0.06150,9.72890,0.10933
1,377,0.06130,9.73640,0.10934
1,378,0.06100,9.74390,0.10935
1,379,0.06070,9.75140,0.10936
1,380,0.06050,9.75880,0.10936
1,381,0.06020,9.76630,0.10937
1,382,0.05990,9.77380,0.10938
1,383,0.05970,9.78120,0.10939
1,384,0.05940,9.78860,0.10939
1,385,0.05910,9.79600,0.10940
1,386,0.05890,9.80350,0.10941
1,387,0.05860,9.81090,0.10942
1,388,0.05830,9.81830,0.10943
1,389,0.05810,9.82570,0.10943
1,390,0.05780,9.83300,0.10944
1,391,0.05760,9.84040,0.10945
1,392,0.05730,9.84780,0.10946
1,393,0.05700,9.85510,0.10947
1,394,0.05680,9.86250,0.10948
1,395,0.05650,9.86990,0.10948
1,396,0.05630,9.87720,0.10949
1,397,0.05600,9.88450,0.10950
1,398,0.05570,9.89180,0.10951
1,399,0.05550,9.89920,0.10952
1,400,0.05520,9.90650,0.10953
1,401,0.05500,9.91380,0.10954
1,402,0.05470,9.92110,0.10954
1,403,0.05450,9.92840,0.10955
1,404,0.05420,9.93570,0.10956
1,405,0.05400,9.94290,0.10957
1,406,0.05370,9.95020,0.10958
1,407,0.05340,9.95750,0.10959
1,408,0.05320,9.96470,0.10960
1,409,0.05290,9.97200,0.10961
1,410,0.05270,9.97920,0.10961
1,411,0.05240,9.98650,0.10962
1,412,0.05220,9.99370,0.10963
1,413,0.05190,10.00090,0.10964
1,414,0.05170,10.00820,0.10965
1,415,0.05140,10.01540,0.10966
1,416,0.05120,10.02260,0.10967
1,417,0.05090,10.02980,0.10968
1,418,0.05070,10.03700,0.10969
1,419,0.05040,10.04420,0.10970
1,420,0.05020,10.05140,0.10971
1,421,0.04990,10.05860,0.10971
1,422,0.04970,10.06570,0.10972
1,423,0.04940,10.07290,0.10973
1,424,0.04920,10.08010,0.10974
1,425,0.04890,10.08720,0.10975
1,426,0.04870,10.09440,0.10976
1,427,0.04840,10.10150,0.10977
1,428,0.04820,10.10870,0.10978
1,429,0.04790,10.11580,0.10979
1,430,0.04770,10.12300,0.10980
1,431,0.04750,10.13010,0.10981
1,432,0.04720,10.13720,0.10982
1,433,0.04700,10.14430,0.10983
1,434,0.04670,10.15150,0.10984
1,435,0.04650,10.15860,0.10985
1,436,0.04620,10.16570,0.10986
1,437,0.04600,10.17280,0.10987
1,438,0.04580,10.17990,0.10988
1,439,0.04550,10.18700,0.10989
1,440,0.04530,10.19410,0.10990
1,441,0.04500,10.20110,0.10991
1,442,0.04480,10.20820,0.10992
1,443,0.04450,10.21530,0.10993
1,444,0.04430,10.22240,0.10994
1,445,0.04410,10.22940,0.10995
1,446,0.04380,10.23650,0.10996
1,447,0.04360,10.24350,0.10997
1,448,0.04330,10.25060,0.10998
1,449,0.04310,10.25760,0.10999
1,450,0.04290,10.26470,0.11000
1,451,0.04260,10.27170,0.11001
1,452,0.04240,10.27880,0.11002
1,453,0.04220,10.28580,0.11003
1,454,0.04190,10.29280,0.11005
1,455,0.04170,10.29980,0.11006
1,456,0.04140,10.30690,0.11007
1,457,0.04120,10.31390,0.11008
1,458,0.04100,10.32090,0.11009
1,459,0.04070,10.32790,0.11010
1,460,0.04050,10.33490,0.11011
1,461,0.04030,10.34190,0.11012
1,462,0.04000,10.34890,0.11013
1,463,0.03980,10.35590,0.11014
1,464,0.03960,10.36290,0.11015
1,465,0.03930,10.36990,0.11016
1,466,0.03910,10.37690,0.11017
1,467,0.03890,10.38390,0.11019
1,468,0.03860,10.39080,0.11020
1,469,0.03840,10.39780,0.11021
1,470,0.03820,10.40480,0.11022
1,471,0.03790,10.41180,0.11023
1,472,0.03770,10.41870,0.11024
1,473,0.03750,10.42570,0.11025
1,474,0.03730,10.43260,0.11026
1,475,0.03700,10.43960,0.11027
1,476,0.03680,10.44650,0.11029
1,477,0.03660,10.45350,0.11030
1,478,0.03630,10.46040,0.11031
1,479,0.03610,10.46740,0.11032
1,480,0.03590,10.47430,0.11033
1,481,0.03570,10.48130,0.11034
1,482,0.03540,10.48820,0.11035
1,483,0.03520,10.49510,0.11037
1,484,0.03500,10.50200,0.11038
1,485,0.03470,10.50900,0.11039
1,486,0.03450,10.51590,0.11040
1,487,0.03430,10.52280,0.11041
1,488,0.03410,10.52970,0.11042
1,489,0.03380,10.53660,0.11044
1,490,0.03360,10.54350,0.11045
1,491,0.03340,10.55050,0.11046
1,492,0.03320,10.55740,0.11047
1,493,0.03290,10.56430,0.11048
1,494,0.03270,10.57120,0.11050
1,495,0.03250,10.57800,0.11051
1,496,0.03230,10.58490,0.11052
1,497,0.03200,10.59180,0.11053
1,498,0.03180,10.59870,0.11054
1,499,0.03160,10.60560,0.11056
1,500,0.03140,10.61250,0.11057
1,501,0.03120,10.61930,0.11058
1,502,0.03090,10.62620,0.11059
1,503,0.03070,10.63310,0.11060
1,504,0.03050,10.63990,0.11062
1,505,0.03030,10.64680,0.11063
1,506,0.03000,10.65370,0.11064
1,507,0.02980,10.66050,0.11065
1,508,0.02960,10.66740,0.11067
1,509,0.02940,10.67420,0.11068
1,510,0.02920,10.68110,0.11069
1,511,0.02890,10.68790,0.11070
1,512,0.02870,10.69480,0.11072
1,513,0.02850,10.70160,0.11073
1,514,0.02830,10.70840,0.11074
1,515,0.02810,10.71530,0.11075
1,516,0.02790,10.72210,0.11077
1,517,0.02760,10.72890,0.11078
1,518,0.02740,10.73570,0.11079
1,519,0.02720,10.74260,0.11081
1,520,0.02700,10.74940,0.11082
1,521,0.02680,10.75620,0.11083
1,522,0.02660,10.76300,0.11084
1,523,0.02630,10.76980,0.11086
1,524,0.02610,10.77660,0.11087
1,525,0.02590,10.78350,0.11088
1,526,0.02570,10.79030,0.11090
1,527,0.02550,10.79710,0.11091
1,528,0.02530,10.80390,0.11092
1,529,0.02500,10.81070,0.11094
1,530,0.02480,10.81740,0.11095
1,531,0.02460,10.82420,0.11096
1,532,0.02440,10.83100,0.11098
1,533,0.02420,10.83780,0.11099
1,534,0.02400,10.84460,0.11100
1,535,0.02380,10.85140,0.11102
1,536,0.02360,10.85820,0.11103
1,537,0.02330,10.86490,0.11104
1,538,0.02310,10.87170,0.11106
1,539,0.02290,10.87850,0.11107
1,540,0.02270,10.88520,0.11108
1,541,0.02250,10.89200,0.11110
1,542,0.02230,10.89880,0.11111
1,543,0.02210,10.90550,0.11113
1,544,0.02190,10.91230,0.11114
1,545,0.02170,10.91910,0.11115
1,546,0.02140,10.92580,0.11117
1,547,0.02120,10.93260,0.11118
1,548,0.02100,10.93930,0.11120
1,549,0.02080,10.94610,0.11121
1,550,0.02060,10.95280,0.11122
1,551,0.02040,10.95960,0.11124
1,552,0.02020,10.96630,0.11125
1,553,0.02000,10.97300,0.11127
1,554,0.01980,10.97980,0.11128
1,555,0.01960,10.98650,0.11129
1,556,0.01940,10.99320,0.11131
1,557,0.01920,11.00000,0.11132
1,558,0.01890,11.00670,0.11134
1,559,0.01870,11.01340,0.11135
1,560,0.01850,11.02020,0.11137
1,561,0.01830,11.02690,0.11138
1,562,0.01810,11.03360,0.11139
1,563,0.01790,11.04030,0.11141
1,564,0.01770,11.04700,0.11142
1,565,0.01750,11.05370,0.11144
1,566,0.01730,11.06050,0.11145
1,567,0.01710,11.06720,0.11147
1,568,0.01690,11.07390,0.11148
1,569,0.01670,11.08060,0.11150
1,570,0.01650,11.08730,0.11151
1,571,0.01630,11.09400,0.11153
1,572,0.01610,11.10070,0.11154
1,573,0.01590,11.10740,0.11156
1,574,0.01570,11.11410,0.11157
1,575,0.01550,11.12080,0.11159
1,576,0.01530,11.12750,0.11160
1,577,0.01510,11.13420,0.11162
1,578,0.01490,11.14090,0.11163
1,579,0.01470,11.14760,0.11165
1,580,0.01440,11.15430,0.11166
1,581,0.01420,11.16100,0.11168
1,582,0.01400,11.16760,0.11169
1,583,0.01380,11.17430,0.11171
1,584,0.01360,11.18100,0.11172
1,585,0.01340,11.18770,0.11174
1,586,0.01320,11.19440,0.11175
1,587,0.01300,11.20110,0.11177
1,588,0.01280,11.20770,0.11178
1,589,0.01260,11.21440,0.11180
1,590,0.01240,11.22110,0.11182
1,591,0.01220,11.22780,0.11183
1,592,0.01200,11.23450,0.11185
1,593,0.01180,11.24110,0.11186
1,594,0.01160,11.24780,0.11188
1,595,0.01140,11.25450,0.11189
1,596,0.01120,11.26120,0.11191
1,597,0.01110,11.26780,0.11192
1,598,0.01090,11.27450,0.11194
1,599,0.01070,11.28120,0.11196
1,600,0.01050,11.28780,0.11197
1,601,0.01030,11.29450,0.11199
1,602,0.01010,11.30120,0.11200
1,603,0.00990,11.30780,0.11202
1,604,0.00970,11.31450,0.11204
1,605,0.00950,11.32120,0.11205
1,606,0.00930,11.32780,0.11207
1,607,0.00910,11.33450,0.11208
1,608,0.00890,11.34120,0.11210
1,609,0.00870,11.34780,0.11212
1,610,0.00850,11.35450,0.11213
1,611,0.00830,11.36120,0.11215
1,612,0.00810,11.36780,0.11216
1,613,0.00790,11.37450,0.11218
1,614,0.00770,11.38110,0.11220
1,615,0.00750,11.38780,0.11221
1,616,0.00730,11.39450,0.11223
1,617,0.00710,11.40110,0.11224
1,618,0.00690,11.40780,0.11226
1,619,0.00670,11.41440,0.11228
1,620,0.00660,11.42110,0.11229
1,621,0.00640,11.42770,0.11231
1,622,0.00620,11.43440,0.11233
1,623,0.00600,11.44100,0.11234
1,624,0.00580,11.44770,0.11236
1,625,0.00560,11.45430,0.11238
1,626,0.00540,11.46100,0.11239
1,627,0.00520,11.46760,0.11241
1,628,0.00500,11.47430,0.11243
1,629,0.00480,11.48090,0.11244
1,630,0.00460,11.48760,0.11246
1,631,0.00440,11.49420,0.11248
1,632,0.00430,11.50090,0.11249
1,633,0.00410,11.50750,0.11251
1,634,0.00390,11.51420,0.11253
1,635,0.00370,11.52080,0.11254
1,636,0.00350,11.52740,0.11256
1,637,0.00330,11.53410,0.11258
1,638,0.00310,11.54070,0.11259
1,639,0.00290,11.54740,0.11261
1,640,0.00270,11.55400,0.11263
1,641,0.00250,11.56060,0.11265
1,642,0.00240,11.56730,0.11266
1,643,0.00220,11.57390,0.11268
1,644,0.00200,11.58060,0.11270
1,645,0.00180,11.58720,0.11271
1,646,0.00160,11.59380,0.11273
1,647,0.00140,11.60050,0.11275
1,648,0.00120,11.60710,0.11276
1,649,0.00100,11.61370,0.11278
1,650,0.00080,11.62040,0.11280
1,651,0.00070,11.62700,0.11282
1,652,0.00050,11.63360,0.11283
1,653,0.00030,11.64030,0.11285
1,654,0.00010,11.64690,0.11287
1,655,-0.00010,11.65350,0.11289
1,656,-0.00030,11.66010,0.11290
1,657,-0.00050,11.66680,0.11292
1,658,-0.00060,11.67340,0.11294
1,659,-0.00080,11.68000,0.11296
1,660,-0.00100,11.68660,0.11297
1,661,-0.00120,11.69330,0.11299
1,662,-0.00140,11.69990,0.11301
1,663,-0.00160,11.70650,0.11303
1,664,-0.00180,11.71310,0.11304
1,665,-0.00190,11.71980,0.11306
1,666,-0.00210,11.72640,0.11308
1,667,-0.00230,11.73300,0.11310
1,668,-0.00250,11.73960,0.11311
1,669,-0.00270,11.74620,0.11313
1,670,-0.00290,11.75280,0.11315
1,671,-0.00300,11.75950,0.11317
1,672,-0.00320,11.76610,0.11318
1,673,-0.00340,11.77270,0.11320
1,674,-0.00360,11.77930,0.11322
1,675,-0.00380,11.78590,0.11324
1,676,-0.00400,11.79250,0.11326
1,677,-0.00410,11.79910,0.11327
1,678,-0.00430,11.80570,0.11329
1,679,-0.00450,11.81240,0.11331
1,680,-0.00470,11.81900,0.11333
1,681,-0.00490,11.82560,0.11335
1,682,-0.00510,11.83220,0.11336
1,683,-0.00520,11.83880,0.11338
1,684,-0.00540,11.84540,0.11340
1,685,-0.00560,11.85200,0.11342
1,686,-0.00580,11.85860,0.11344
1,687,-0.00600,11.86520,0.11345
1,688,-0.00610,11.87180,0.11347
1,689,-0.00630,11.87840,0.11349
1,690,-0.00650,11.88500,0.11351
1,691,-0.00670,11.89160,0.11353
1,692,-0.00690,11.89820,0.11354
1,693,-0.00700,11.90480,0.11356
1,694,-0.00720,11.91140,0.11358
1,695,-0.00740,11.91800,0.11360
1,696,-0.00760,11.92460,0.11362
1,697,-0.00780,11.93120,0.11364
1,698,-0.00790,11.93780,0.11365
1,699,-0.00810,11.94440,0.11367
1,700,-0.00830,11.95100,0.11369
1,701,-0.00850,11.95760,0.11371
1,702,-0.00870,11.96420,0.11373
1,703,-0.00880,11.97070,0.11375
1,704,-0.00900,11.97730,0.11376
1,705,-0.00920,11.98390,0.11378
1,706,-0.00940,11.99050,0.11380
1,707,-0.00950,11.99710,0.11382
1,708,-0.00970,12.00370,0.11384
1,709,-0.00990,12.01030,0.11386
1,710,-0.01010,12.01680,0.11388
1,711,-0.01020,12.02340,0.11389
1,712,-0.01040,12.03000,0.11391
1,713,-0.01060,12.03660,0.11393
1,714,-0.01080,12.04310,0.11395
1,715,-0.01100,12.04970,0.11397
1,716,-0.01110,12.05630,0.11399
1,717,-0.01130,12.06290,0.11401
1,718,-0.01150,12.06940,0.11403
1,719,-0.01170,12.07600,0.11404
1,720,-0.01180,12.08260,0.11406
1,721,-0.01200,12.08910,0.11408
1,722,-0.01220,12.09570,0.11410
1,723,-0.01240,12.10230,0.11412
1,724,-0.01250,12.10880,0.11414
1,725,-0.01270,12.11540,0.11416
1,726,-0.01290,12.12200,0.11418
1,727,-0.01310,12.12850,0.11420
1,728,-0.01320,12.13510,0.11421
1,729,-0.01340,12.14160,0.11423
1,730,-0.01360,12.14820,0.11425
1,731,-0.01370,12.15480,0.11427
1,732,-0.01390,12.16130,0.11429
1,733,-0.01410,12.16790,0.11431
1,734,-0.01430,12.17440,0.11433
1,735,-0.01440,12.18100,0.11435
1,736,-0.01460,12.18750,0.11437
1,737,-0.01480,12.19410,0.11439
1,738,-0.01500,12.20060,0.11440
1,739,-0.01510,12.20720,0.11442
1,740,-0.01530,12.21370,0.11444
1,741,-0.01550,12.22020,0.11446
1,742,-0.01560,12.22680,0.11448
1,743,-0.01580,12.23330,0.11450
1,744,-0.01600,12.23980,0.11452
1,745,-0.01620,12.24640,0.11454
1,746,-0.01630,12.25290,0.11456
1,747,-0.01650,12.25940,0.11458
1,748,-0.01670,12.26600,0.11460
1,749,-0.01680,12.27250,0.11462
1,750,-0.01700,12.27900,0.11464
1,751,-0.01720,12.28550,0.11465
1,752,-0.01740,12.29200,0.11467
1,753,-0.01750,12.29860,0.11469
1,754,-0.01770,12.30510,0.11471
1,755,-0.01790,12.31160,0.11473
1,756,-0.01800,12.31810,0.11475
1,757,-0.01820,12.32460,0.11477
1,758,-0.01840,12.33110,0.11479
1,759,-0.01850,12.33760,0.11481
1,760,-0.01870,12.34410,0.11483
1,761,-0.01890,12.35060,0.11485
1,762,-0.01910,12.35710,0.11487
1,763,-0.01920,12.36360,0.11489
1,764,-0.01940,12.37010,0.11491
1,765,-0.01960,12.37660,0.11493
1,766,-0.01970,12.38300,0.11495
1,767,-0.01990,12.38950,0.11497
1,768,-0.02010,12.39600,0.11498
1,769,-0.02020,12.40250,0.11500
1,770,-0.02040,12.40900,0.11502
1,771,-0.02060,12.41540,0.11504
1,772,-0.02070,12.42190,0.11506
1,773,-0.02090,12.42840,0.11508
1,774,-0.02110,12.43480,0.11510
1,775,-0.02120,12.44130,0.11512
1,776,-0.02140,12.44770,0.11514
1,777,-0.02160,12.45420,0.11516
1,778,-0.02170,12.46060,0.11518
1,779,-0.02190,12.46710,0.11520
1,780,-0.02210,12.47350,0.11522
1,781,-0.02220,12.48000,0.11524
1,782,-0.02240,12.48640,0.11526
1,783,-0.02260,12.49290,0.11528
1,784,-0.02270,12.49930,0.11530
1,785,-0.02290,12.50570,0.11532
1,786,-0.02310,12.51210,0.11534
1,787,-0.02320,12.51860,0.11536
1,788,-0.02340,12.52500,0.11538
1,789,-0.02360,12.53140,0.11540
1,790,-0.02370,12.53780,0.11542
1,791,-0.02390,12.54420,0.11544
1,792,-0.02410,12.55060,0.11545
1,793,-0.02420,12.55700,0.11547
1,794,-0.02440,12.56340,0.11549
1,795,-0.02460,12.56980,0.11551
1,796,-0.02470,12.57620,0.11553
1,797,-0.02490,12.58260,0.11555
1,798,-0.02500,12.58900,0.11557
1,799,-0.02520,12.59540,0.11559
1,800,-0.02540,12.60180,0.11561
1,801,-0.02550,12.60820,0.11563
1,802,-0.02570,12.61450,0.11565
1,803,-0.02590,12.62090,0.11567
1,804,-0.02600,12.62730,0.11569
1,805,-0.02620,12.63360,0.11571
1,806,-0.02640,12.64000,0.11573
1,807,-0.02650,12.64640,0.11575
1,808,-0.02670,12.65270,0.11577
1,809,-0.02680,12.65910,0.11579
1,810,-0.02700,12.66540,0.11581
1,811,-0.02720,12.67180,0.11583
1,812,-0.02730,12.67810,0.11585
1,813,-0.02750,12.68440,0.11587
1,814,-0.02770,12.69080,0.11589
1,815,-0.02780,12.69710,0.11591
1,816,-0.02800,12.70340,0.11593
1,817,-0.02810,12.70980,0.11595
1,818,-0.02830,12.71610,0.11597
1,819,-0.02850,12.72240,0.11599
1,820,-0.02860,12.72870,0.11601
1,821,-0.02880,12.73500,0.11602
1,822,-0.02890,12.74130,0.11604
1,823,-0.02910,12.74760,0.11606
1,824,-0.02930,12.75390,0.11608
1,825,-0.02940,12.76020,0.11610
1,826,-0.02960,12.76650,0.11612
1,827,-0.02970,12.77280,0.11614
1,828,-0.02990,12.77910,0.11616
1,829,-0.03010,12.78540,0.11618
1,830,-0.03020,12.79160,0.11620
1,831,-0.03040,12.79790,0.11622
1,832,-0.03050,12.80420,0.11624
1,833,-0.03070,12.81040,0.11626
1,834,-0.03090,12.81670,0.11628
1,835,-0.03100,12.82300,0.11630
1,836,-0.03120,12.82920,0.11632
1,837,-0.03130,12.83550,0.11634
1,838,-0.03150,12.84170,0.11636
1,839,-0.03170,12.84800,0.11638
1,840,-0.03180,12.85420,0.11640
1,841,-0.03200,12.86040,0.11642
1,842,-0.03210,12.86670,0.11644
1,843,-0.03230,12.87290,0.11646
1,844,-0.03240,12.87910,0.11647
1,845,-0.03260,12.88530,0.11649
1,846,-0.03280,12.89150,0.11651
1,847,-0.03290,12.89780,0.11653
1,848,-0.03310,12.90400,0.11655
1,849,-0.03320,12.91020,0.11657
1,850,-0.03340,12.91640,0.11659
1,851,-0.03360,12.92260,0.11661
1,852,-0.03370,12.92880,0.11663
1,853,-0.03390,12.93500,0.11665
1,854,-0.03400,12.94110,0.11667
1,855,-0.03420,12.94730,0.11669
1,856,-0.03430,12.95350,0.11671
1,857,-0.03450,12.95970,0.11673
1,858,-0.03460,12.96580,0.11675
1,859,-0.03480,12.97200,0.11677
1,860,-0.03500,12.97820,0.11679
1,861,-0.03510,12.98430,0.11681
1,862,-0.03530,12.99050,0.11683
1,863,-0.03540,12.99660,0.11684
1,864,-0.03560,13.00280,0.11686
1,865,-0.03570,13.00890,0.11688
1,866,-0.03590,13.01510,0.11690
1,867,-0.03610,13.02120,0.11692
1,868,-0.03620,13.02730,0.11694
1,869,-0.03640,13.03340,0.11696
1,870,-0.03650,13.03960,0.11698
1,871,-0.03670,13.04570,0.11700
1,872,-0.03680,13.05180,0.11702
1,873,-0.03700,13.05790,0.11704
1,874,-0.03710,13.06400,0.11706
1,875,-0.03730,13.07010,0.11708
1,876,-0.03740,13.07620,0.11710
1,877,-0.03760,13.08230,0.11712
1,878,-0.03780,13.08840,0.11713
1,879,-0.03790,13.09450,0.11715
1,880,-0.03810,13.10060,0.11717
1,881,-0.03820,13.10670,0.11719
1,882,-0.03840,13.11270,0.11721
1,883,-0.03850,13.11880,0.11723
1,884,-0.03870,13.12490,0.11725
1,885,-0.03880,13.13100,0.11727
1,886,-0.03900,13.13700,0.11729
1,887,-0.03910,13.14310,0.11731
1,888,-0.03930,13.14910,0.11733
1,889,-0.03940,13.15520,0.11735
1,890,-0.03960,13.16120,0.11737
1,891,-0.03970,13.16730,0.11739
1,892,-0.03990,13.17330,0.11740
1,893,-0.04010,13.17930,0.11742
1,894,-0.04020,13.18540,0.11744
1,895,-0.04040,13.19140,0.11746
1,896,-0.04050,13.19740,0.11748
1,897,-0.04070,13.20340,0.11750
1,898,-0.04080,13.20950,0.11752
1,899,-0.04100,13.21550,0.11754
1,900,-0.04110,13.22150,0.11756
1,901,-0.04130,13.22750,0.11758
1,902,-0.04140,13.23350,0.11760
1,903,-0.04160,13.23950,0.11762
1,904,-0.04170,13.24550,0.11763
1,905,-0.04190,13.25150,0.11765
1,906,-0.04200,13.25750,0.11767
1,907,-0.04220,13.26340,0.11769
1,908,-0.04230,13.26940,0.11771
1,909,-0.04250,13.27540,0.11773
1,910,-0.04260,13.28140,0.11775
1,911,-0.04280,13.28730,0.11777
1,912,-0.04290,13.29330,0.11779
1,913,-0.04310,13.29930,0.11781
1,914,-0.04320,13.30520,0.11783
1,915,-0.04340,13.31120,0.11785
1,916,-0.04350,13.31710,0.11786
1,917,-0.04370,13.32310,0.11788
1,918,-0.04380,13.32900,0.11790
1,919,-0.04400,13.33500,0.11792
1,920,-0.04410,13.34090,0.11794
1,921,-0.04430,13.34680,0.11796
1,922,-0.04440,13.35280,0.11798
1,923,-0.04460,13.35870,0.11800
1,924,-0.04470,13.36460,0.11802
1,925,-0.04490,13.37050,0.11804
1,926,-0.04500,13.37650,0.11805
1,927,-0.04520,13.38240,0.11807
1,928,-0.04530,13.38830,0.11809
1,929,-0.04550,13.39420,0.11811
1,930,-0.04560,13.40010,0.11813
1,931,-0.04580,13.40600,0.11815
1,932,-0.04590,13.41190,0.11817
1,933,-0.04610,13.41780,0.11819
1,934,-0.04620,13.42370,0.11821
1,935,-0.04640,13.42960,0.11823
1,936,-0.04650,13.43540,0.11825
1,937,-0.04660,13.44130,0.11826
1,938,-0.04680,13.44720,0.11828
1,939,-0.04690,13.45310,0.11830
1,940,-0.04710,13.45890,0.11832
1,941,-0.04720,13.46480,0.11834
1,942,-0.04740,13.47070,0.11836
1,943,-0.04750,13.47650,0.11838
1,944,-0.04770,13.48240,0.11840
1,945,-0.04780,13.48830,0.11842
1,946,-0.04800,13.49410,0.11843
1,947,-0.04810,13.50000,0.11845
1,948,-0.04830,13.50580,0.11847
1,949,-0.04840,13.51160,0.11849
1,950,-0.04860,13.51750,0.11851
1,951,-0.04870,13.52330,0.11853
1,952,-0.04890,13.52910,0.11855
1,953,-0.04900,13.53500,0.11857
1,954,-0.04910,13.54080,0.11859
1,955,-0.04930,13.54660,0.11860
1,956,-0.04940,13.55240,0.11862
1,957,-0.04960,13.55830,0.11864
1,958,-0.04970,13.56410,0.11866
1,959,-0.04990,13.56990,0.11868
1,960,-0.05000,13.57570,0.11870
1,961,-0.05020,13.58150,0.11872
1,962,-0.05030,13.58730,0.11874
1,963,-0.05050,13.59310,0.11876
1,964,-0.05060,13.59890,0.11877
1,965,-0.05070,13.60470,0.11879
1,966,-0.05090,13.61050,0.11881
1,967,-0.05100,13.61630,0.11883
1,968,-0.05120,13.62200,0.11885
1,969,-0.05130,13.62780,0.11887
1,970,-0.05150,13.63360,0.11889
1,971,-0.05160,13.63940,0.11891
1,972,-0.05180,13.64520,0.11892
1,973,-0.05190,13.65090,0.11894
1,974,-0.05200,13.65670,0.11896
1,975,-0.05220,13.66250,0.11898
1,976,-0.05230,13.66820,0.11900
1,977,-0.05250,13.67400,0.11902
1,978,-0.05260,13.67970,0.11904
1,979,-0.05280,13.68550,0.11906
1,980,-0.05290,13.69120,0.11907
1,981,-0.05300,13.69700,0.11909
1,982,-0.05320,13.70270,0.11911
1,983,-0.05330,13.70850,0.11913
1,984,-0.05350,13.71420,0.11915
1,985,-0.05360,13.71990,0.11917
1,986,-0.05380,13.72570,0.11919
1,987,-0.05390,13.73140,0.11920
1,988,-0.05400,13.73710,0.11922
1,989,-0.05420,13.74290,0.11924
1,990,-0.05430,13.74860,0.11926
1,991,-0.05450,13.75430,0.11928
1,992,-0.05460,13.76000,0.11930
1,993,-0.05480,13.76570,0.11932
1,994,-0.05490,13.77150,0.11933
1,995,-0.05500,13.77720,0.11935
1,996,-0.05520,13.78290,0.11937
1,997,-0.05530,13.78860,0.11939
1,998,-0.05550,13.79430,0.11941
1,999,-0.05560,13.80000,0.11943
1,1000,-0.05580,13.80570,0.11945
1,1001,-0.05590,13.81140,0.11946
1,1002,-0.05600,13.81710,0.11948
1,1003,-0.05620,13.82280,0.11950
1,1004,-0.05630,13.82850,0.11952
1,1005,-0.05650,13.83410,0.11954
1,1006,-0.05660,13.83980,0.11956
1,1007,-0.05670,13.84550,0.11957
1,1008,-0.05690,13.85120,0.11959
1,1009,-0.05700,13.85690,0.11961
1,1010,-0.05720,13.86250,0.11963
1,1011,-0.05730,13.86820,0.11965
1,1012,-0.05740,13.87390,0.11967
1,1013,-0.05760,13.87960,0.11968
1,1014,-0.05770,13.88520,0.11970
1,1015,-0.05790,13.89090,0.11972
1,1016,-0.05800,13.89660,0.11974
1,1017,-0.05810,13.90220,0.11976
1,1018,-0.05830,13.90790,0.11978
1,1019,-0.05840,13.91350,0.11979
1,1020,-0.05860,13.91920,0.11981
1,1021,-0.05870,13.92480,0.11983
1,1022,-0.05880,13.93050,0.11985
1,1023,-0.05900,13.93610,0.11987
1,1024,-0.05910,13.94180,0.11988
1,1025,-0.05930,13.94740,0.11990
1,1026,-0.05940,13.95310,0.11992
1,1027,-0.05950,13.95870,0.11994
1,1028,-0.05970,13.96440,0.11996
1,1029,-0.05980,13.97000,0.11998
1,1030,-0.06000,13.97560,0.11999
1,1031,-0.06010,13.98130,0.12001
1,1032,-0.06020,13.98690,0.12003
1,1033,-0.06040,13.99250,0.12005
1,1034,-0.06050,13.99820,0.12007
1,1035,-0.06070,14.00380,0.12008
1,1036,-0.06080,14.00940,0.12010
1,1037,-0.06090,14.01500,0.12012
1,1038,-0.06110,14.02070,0.12014
1,1039,-0.06120,14.02630,0.12016
1,1040,-0.06130,14.03190,0.12017
1,1041,-0.06150,14.03750,0.12019
1,1042,-0.06160,14.04310,0.12021
1,1043,-0.06180,14.04880,0.12023
1,1044,-0.06190,14.05440,0.12025
1,1045,-0.06200,14.06000,0.12026
1,1046,-0.06220,14.06560,0.12028
1,1047,-0.06230,14.07120,0.12030
1,1048,-0.06240,14.07680,0.12032
1,1049,-0.06260,14.08240,0.12033
1,1050,-0.06270,14.08800,0.12035
1,1051,-0.06290,14.09360,0.12037
1,1052,-0.06300,14.09920,0.12039
1,1053,-0.06310,14.10480,0.12041
1,1054,-0.06330,14.11040,0.12042
1,1055,-0.06340,14.11600,0.12044
1,1056,-0.06350,14.12160,0.12046
1,1057,-0.06370,14.12720,0.12048
1,1058,-0.06380,14.13280,0.12050
1,1059,-0.06390,14.13840,0.12051
1,1060,-0.06410,14.14400,0.12053
1,1061,-0.06420,14.14950,0.12055
1,1062,-0.06440,14.15510,0.12057
1,1063,-0.06450,14.16070,0.12058
1,1064,-0.06460,14.16630,0.12060
1,1065,-0.06480,14.17190,0.12062
1,1066,-0.06490,14.17750,0.12064
1,1067,-0.06500,14.18300,0.12065
1,1068,-0.06520,14.18860,0.12067
1,1069,-0.06530,14.19420,0.12069
1,1070,-0.06540,14.19980,0.12071
1,1071,-0.06560,14.20530,0.12073
1,1072,-0.06570,14.21090,0.12074
1,1073,-0.06580,14.21650,0.12076
1,1074,-0.06600,14.22210,0.12078
1,1075,-0.06610,14.22760,0.12080
1,1076,-0.06630,14.23320,0.12081
1,1077,-0.06640,14.23880,0.12083
1,1078,-0.06650,14.24430,0.12085
1,1079,-0.06670,14.24990,0.12087
1,1080,-0.06680,14.25540,0.12088
1,1081,-0.06690,14.26100,0.12090
1,1082,-0.06710,14.26660,0.12092
1,1083,-0.06720,14.27210,0.12094
1,1084,-0.06730,14.27770,0.12095
1,1085,-0.06750,14.28320,0.12097
1,1086,-0.06760,14.28880,0.12099
1,1087,-0.06770,14.29440,0.12101
1,1088,-0.06790,14.29990,0.12102
1,1089,-0.06800,14.30550,0.12104
1,1090,-0.06810,14.31100,0.12106
1,1091,-0.06830,14.31660,0.12108
1,1092,-0.06840,14.32210,0.12109
1,1093,-0.06850,14.32770,0.12111
1,1094,-0.06870,14.33320,0.12113
1,1095,-0.06880,14.33870,0.12115
1,1096,-0.06890,14.34430,0.12116
1,1097,-0.06910,14.34980,0.12118
1,1098,-0.06920,14.35540,0.12120
1,1099,-0.06930,14.36090,0.12121
1,1100,-0.06950,14.36650,0.12123
1,1101,-0.06960,14.37200,0.12125
1,1102,-0.06970,14.37750,0.12127
1,1103,-0.06990,14.38310,0.12128
1,1104,-0.07000,14.38860,0.12130
1,1105,-0.07010,14.39420,0.12132
1,1106,-0.07030,14.39970,0.12134
1,1107,-0.07040,14.40520,0.12135
1,1108,-0.07050,14.41080,0.12137
1,1109,-0.07070,14.41630,0.12139
1,1110,-0.07080,14.42180,0.12141
1,1111,-0.07090,14.42740,0.12142
1,1112,-0.07110,14.43290,0.12144
1,1113,-0.07120,14.43840,0.12146
1,1114,-0.07130,14.44390,0.12147
1,1115,-0.07150,14.44950,0.12149
1,1116,-0.07160,14.45500,0.12151
1,1117,-0.07170,14.46050,0.12153
1,1118,-0.07180,14.46610,0.12154
1,1119,-0.07200,14.47160,0.12156
1,1120,-0.07210,14.47710,0.12158
1,1121,-0.07220,14.48260,0.12159
1,1122,-0.07240,14.48810,0.12161
1,1123,-0.07250,14.49370,0.12163
1,1124,-0.07260,14.49920,0.12165
1,1125,-0.07280,14.50470,0.12166
1,1126,-0.07290,14.51020,0.12168
1,1127,-0.07300,14.51580,0.12170
1,1128,-0.07320,14.52130,0.12171
1,1129,-0.07330,14.52680,0.12173
1,1130,-0.07340,14.53230,0.12175
1,1131,-0.07360,14.53780,0.12177
1,1132,-0.07370,14.54330,0.12178
1,1133,-0.07380,14.54890,0.12180
1,1134,-0.07390,14.55440,0.12182
1,1135,-0.07410,14.55990,0.12183
1,1136,-0.07420,14.56540,0.12185
1,1137,-0.07430,14.57090,0.12187
1,1138,-0.07450,14.57640,0.12189
1,1139,-0.07460,14.58190,0.12190
1,1140,-0.07470,14.58750,0.12192
1,1141,-0.07490,14.59300,0.12194
1,1142,-0.07500,14.59850,0.12195
1,1143,-0.07510,14.60400,0.12197
1,1144,-0.07520,14.60950,0.12199
1,1145,-0.07540,14.61500,0.12200
1,1146,-0.07550,14.62050,0.12202
1,1147,-0.07560,14.62600,0.12204
1,1148,-0.07580,14.63150,0.12206
1,1149,-0.07590,14.63710,0.12207
1,1150,-0.07600,14.64260,0.12209
1,1151,-0.07620,14.64810,0.12211
1,1152,-0.07630,14.65360,0.12212
1,1153,-0.07640,14.65910,0.12214
1,1154,-0.07650,14.66460,0.12216
1,1155,-0.07670,14.67010,0.12217
1,1156,-0.07680,14.67560,0.12219
1,1157,-0.07690,14.68110,0.12221
1,1158,-0.07710,14.68660,0.12222
1,1159,-0.07720,14.69210,0.12224
1,1160,-0.07730,14.69760,0.12226
1,1161,-0.07740,14.70320,0.12228
1,1162,-0.07760,14.70870,0.12229
1,1163,-0.07770,14.71420,0.12231
1,1164,-0.07780,14.71970,0.12233
1,1165,-0.07800,14.72520,0.12234
1,1166,-0.07810,14.73070,0.12236
1,1167,-0.07820,14.73620,0.12238
1,1168,-0.07830,14.74170,0.12239
1,1169,-0.07850,14.74720,0.12241
1,1170,-0.07860,14.75270,0.12243
1,1171,-0.07870,14.75820,0.12244
1,1172,-0.07880,14.76370,0.12246
1,1173,-0.07900,14.76920,0.12248
1,1174,-0.07910,14.77470,0.12249
1,1175,-0.07920,14.78020,0.12251
1,1176,-0.07940,14.78570,0.12253
1,1177,-0.07950,14.79120,0.12254
1,1178,-0.07960,14.79670,0.12256
1,1179,-0.07970,14.80220,0.12258
1,1180,-0.07990,14.80770,0.12259
1,1181,-0.08000,14.81320,0.12261
1,1182,-0.08010,14.81870,0.12263
1,1183,-0.08020,14.82420,0.12265
1,1184,-0.08040,14.82970,0.12266
1,1185,-0.08050,14.83520,0.12268
1,1186,-0.08060,14.84070,0.12270
1,1187,-0.08080,14.84620,0.12271
1,1188,-0.08090,14.85170,0.12273
1,1189,-0.08100,14.85720,0.12275
1,1190,-0.08110,14.86270,0.12276
1,1191,-0.08130,14.86820,0.12278
1,1192,-0.08140,14.87370,0.12280
1,1193,-0.08150,14.87920,0.12281
1,1194,-0.08160,14.88470,0.12283
1,1195,-0.08180,14.89020,0.12285
1,1196,-0.08190,14.89570,0.12286
1,1197,-0.08200,14.90120,0.12288
1,1198,-0.08210,14.90670,0.12290
1,1199,-0.08230,14.91220,0.12291
1,1200,-0.08240,14.91770,0.12293
1,1201,-0.08250,14.92320,0.12295
1,1202,-0.08260,14.92870,0.12296
1,1203,-0.08280,14.93420,0.12298
1,1204,-0.08290,14.93970,0.12300
1,1205,-0.08300,14.94520,0.12301
1,1206,-0.08310,14.95070,0.12303
1,1207,-0.08330,14.95620,0.12305
1,1208,-0.08340,14.96170,0.12306
1,1209,-0.08350,14.96720,0.12308
1,1210,-0.08360,14.97270,0.12310
1,1211,-0.08380,14.97820,0.12311
1,1212,-0.08390,14.98370,0.12313
1,1213,-0.08400,14.98920,0.12315
1,1214,-0.08410,14.99470,0.12316
1,1215,-0.08430,15.00020,0.12318
1,1216,-0.08440,15.00570,0.12320
1,1217,-0.08450,15.01120,0.12321
1,1218,-0.08460,15.01670,0.12323
1,1219,-0.08480,15.02220,0.12325
1,1220,-0.08490,15.02770,0.12326
1,1221,-0.08500,15.03320,0.12328
1,1222,-0.08510,15.03870,0.12330
1,1223,-0.08530,15.04420,0.12331
1,1224,-0.08540,15.04970,0.12333
1,1225,-0.08550,15.05520,0.12335
1,1226,-0.08560,15.06070,0.12336
1,1227,-0.08580,15.06620,0.12338
1,1228,-0.08590,15.07170,0.12340
1,1229,-0.08600,15.07720,0.12342
1,1230,-0.08610,15.08270,0.12343
1,1231,-0.08630,15.08820,0.12345
1,1232,-0.08640,15.09370,0.12347
1,1233,-0.08650,15.09920,0.12348
1,1234,-0.08660,15.10470,0.12350
1,1235,-0.08680,15.11020,0.12352
1,1236,-0.08690,15.11570,0.12353
1,1237,-0.08700,15.12120,0.12355
1,1238,-0.08710,15.12670,0.12357
1,1239,-0.08720,15.13220,0.12358
1,1240,-0.08740,15.13770,0.12360
1,1241,-0.08750,15.14320,0.12362
1,1242,-0.08760,15.14870,0.12363
1,1243,-0.08770,15.15420,0.12365
1,1244,-0.08790,15.15960,0.12367
1,1245,-0.08800,15.16510,0.12368
1,1246,-0.08810,15.17060,0.12370
1,1247,-0.08820,15.17610,0.12372
1,1248,-0.08830,15.18160,0.12373
1,1249,-0.08850,15.18710,0.12375
1,1250,-0.08860,15.19260,0.12377
1,1251,-0.08870,15.19810,0.12379
1,1252,-0.08880,15.20360,0.12380
1,1253,-0.08900,15.20910,0.12382
1,1254,-0.08910,15.21460,0.12384
1,1255,-0.08920,15.22010,0.12385
1,1256,-0.08930,15.22560,0.12387
1,1257,-0.08940,15.23110,0.12389
1,1258,-0.08960,15.23660,0.12390
1,1259,-0.08970,15.24210,0.12392
1,1260,-0.08980,15.24760,0.12394
1,1261,-0.08990,15.25310,0.12395
1,1262,-0.09010,15.25860,0.12397
1,1263,-0.09020,15.26410,0.12399
1,1264,-0.09030,15.26960,0.12401
1,1265,-0.09040,15.27510,0.12402
1,1266,-0.09050,15.28060,0.12404
1,1267,-0.09070,15.28610,0.12406
1,1268,-0.09080,15.29160,0.12407
1,1269,-0.09090,15.29710,0.12409
1,1270,-0.09100,15.30260,0.12411
1,1271,-0.09120,15.30810,0.12412
1,1272,-0.09130,15.31350,0.12414
1,1273,-0.09140,15.31900,0.12416
1,1274,-0.09150,15.32450,0.12418
1,1275,-0.09160,15.33000,0.12419
1,1276,-0.09180,15.33550,0.12421
1,1277,-0.09190,15.34100,0.12423
1,1278,-0.09200,15.34650,0.12424
1,1279,-0.09210,15.35200,0.12426
1,1280,-0.09220,15.35750,0.12428
1,1281,-0.09240,15.36300,0.12430
1,1282,-0.09250,15.36850,0.12431
1,1283,-0.09260,15.37400,0.12433
1,1284,-0.09270,15.37950,0.12435
1,1285,-0.09280,15.38500,0.12436
1,1286,-0.09300,15.39050,0.12438
1,1287,-0.09310,15.39600,0.12440
1,1288,-0.09320,15.40150,0.12442
1,1289,-0.09330,15.40700,0.12443
1,1290,-0.09340,15.41250,0.12445
1,1291,-0.09360,15.41790,0.12447
1,1292,-0.09370,15.42340,0.12448
1,1293,-0.09380,15.42890,0.12450
1,1294,-0.09390,15.43440,0.12452
1,1295,-0.09400,15.43990,0.12454
1,1296,-0.09420,15.44540,0.12455
1,1297,-0.09430,15.45090,0.12457
1,1298,-0.09440,15.45640,0.12459
1,1299,-0.09450,15.46190,0.12461
1,1300,-0.09460,15.46740,0.12462
1,1301,-0.09480,15.47290,0.12464
1,1302,-0.09490,15.47840,0.12466
1,1303,-0.09500,15.48390,0.12467
1,1304,-0.09510,15.48940,0.12469
1,1305,-0.09520,15.49480,0.12471
1,1306,-0.09540,15.50030,0.12473
1,1307,-0.09550,15.50580,0.12474
1,1308,-0.09560,15.51130,0.12476
1,1309,-0.09570,15.51680,0.12478
1,1310,-0.09580,15.52230,0.12480
1,1311,-0.09590,15.52780,0.12481
1,1312,-0.09610,15.53330,0.12483
1,1313,-0.09620,15.53880,0.12485
1,1314,-0.09630,15.54430,0.12487
1,1315,-0.09640,15.54980,0.12488
1,1316,-0.09650,15.55520,0.12490
1,1317,-0.09670,15.56070,0.12492
1,1318,-0.09680,15.56620,0.12494
1,1319,-0.09690,15.57170,0.12495
1,1320,-0.09700,15.57720,0.12497
1,1321,-0.09710,15.58270,0.12499
1,1322,-0.09720,15.58820,0.12501
1,1323,-0.09740,15.59370,0.12502
1,1324,-0.09750,15.59920,0.12504
1,1325,-0.09760,15.60470,0.12506
1,1326,-0.09770,15.61010,0.12508
1,1327,-0.09780,15.61560,0.12510
1,1328,-0.09800,15.62110,0.12511
1,1329,-0.09810,15.62660,0.12513
1,1330,-0.09820,15.63210,0.12515
1,1331,-0.09830,15.63760,0.12517
1,1332,-0.09840,15.64310,0.12518
1,1333,-0.09850,15.64860,0.12520
1,1334,-0.09870,15.65400,0.12522
1,1335,-0.09880,15.65950,0.12524
1,1336,-0.09890,15.66500,0.12526
1,1337,-0.09900,15.67050,0.12527
1,1338,-0.09910,15.67600,0.12529
1,1339,-0.09920,15.68150,0.12531
1,1340,-0.09940,15.68700,0.12533
1,1341,-0.09950,15.69240,0.12534
1,1342,-0.09960,15.69790,0.12536
1,1343,-0.09970,15.70340,0.12538
1,1344,-0.09980,15.70890,0.12540
1,1345,-0.09990,15.71440,0.12542
1,1346,-0.10010,15.71990,0.12543
1,1347,-0.10020,15.72530,0.12545
1,1348,-0.10030,15.73080,0.12547
1,1349,-0.10040,15.73630,0.12549
1,1350,-0.10050,15.74180,0.12551
1,1351,-0.10060,15.74730,0.12552
1,1352,-0.10080,15.75280,0.12554
1,1353,-0.10090,15.75820,0.12556
1,1354,-0.10100,15.76370,0.12558
1,1355,-0.10110,15.76920,0.12560
1,1356,-0.10120,15.77470,0.12561
1,1357,-0.10130,15.78020,0.12563
1,1358,-0.10150,15.78560,0.12565
1,1359,-0.10160,15.79110,0.12567
1,1360,-0.10170,15.79660,0.12569
1,1361,-0.10180,15.80210,0.12570
1,1362,-0.10190,15.80760,0.12572
1,1363,-0.10200,15.81300,0.12574
1,1364,-0.10220,15.81850,0.12576
1,1365,-0.10230,15.82400,0.12578
1,1366,-0.10240,15.82950,0.12580
1,1367,-0.10250,15.83500,0.12581
1,1368,-0.10260,15.84040,0.12583
1,1369,-0.10270,15.84590,0.12585
1,1370,-0.10280,15.85140,0.12587
1,1371,-0.10300,15.85690,0.12589
1,1372,-0.10310,15.86230,0.12591
1,1373,-0.10320,15.86780,0.12592
1,1374,-0.10330,15.87330,0.12594
1,1375,-0.10340,15.87880,0.12596
1,1376,-0.10350,15.88420,0.12598
1,1377,-0.10370,15.88970,0.12600
1,1378,-0.10380,15.89520,0.12602
1,1379,-0.10390,15.90070,0.12603
1,1380,-0.10400,15.90610,0.12605
1,1381,-0.10410,15.91160,0.12607
1,1382,-0.10420,15.91710,0.12609
1,1383,-0.10430,15.92260,0.12611
1,1384,-0.10450,15.92800,0.12613
1,1385,-0.10460,15.93350,0.12615
1,1386,-0.10470,15.93900,0.12616
1,1387,-0.10480,15.94450,0.12618
1,1388,-0.10490,15.94990,0.12620
1,1389,-0.10500,15.95540,0.12622
1,1390,-0.10510,15.96090,0.12624
1,1391,-0.10530,15.96640,0.12626
1,1392,-0.10540,15.97180,0.12627
1,1393,-0.10550,15.97730,0.12629
1,1394,-0.10560,15.98280,0.12631
1,1395,-0.10570,15.98820,0.12633
1,1396,-0.10580,15.99370,0.12635
1,1397,-0.10590,15.99920,0.12637
1,1398,-0.10610,16.00470,0.12639
1,1399,-0.10620,16.01010,0.12641
1,1400,-0.10630,16.01560,0.12642
1,1401,-0.10640,16.02110,0.12644
1,1402,-0.10650,16.02650,0.12646
1,1403,-0.10660,16.03200,0.12648
1,1404,-0.10670,16.03750,0.12650
1,1405,-0.10680,16.04300,0.12652
1,1406,-0.10700,16.04840,0.12654
1,1407,-0.10710,16.05390,0.12656
1,1408,-0.10720,16.05940,0.12657
1,1409,-0.10730,16.06480,0.12659
1,1410,-0.10740,16.07030,0.12661
1,1411,-0.10750,16.07580,0.12663
1,1412,-0.10760,16.08120,0.12665
1,1413,-0.10780,16.08670,0.12667
1,1414,-0.10790,16.09220,0.12669
1,1415,-0.10800,16.09760,0.12671
1,1416,-0.10810,16.10310,0.12673
1,1417,-0.10820,16.10860,0.12674
1,1418,-0.10830,16.11400,0.12676
1,1419,-0.10840,16.11950,0.12678
1,1420,-0.10850,16.12500,0.12680
1,1421,-0.10870,16.13040,0.12682
1,1422,-0.10880,16.13590,0.12684
1,1423,-0.10890,16.14140,0.12686
1,1424,-0.10900,16.14680,0.12688
1,1425,-0.10910,16.15230,0.12690
1,1426,-0.10920,16.15780,0.12692
1,1427,-0.10930,16.16320,0.12693
1,1428,-0.10940,16.16870,0.12695
1,1429,-0.10960,16.17420,0.12697
1,1430,-0.10970,16.17960,0.12699
1,1431,-0.10980,16.18510,0.12701
1,1432,-0.10990,16.19060,0.12703
1,1433,-0.11000,16.19600,0.12705
1,1434,-0.11010,16.20150,0.12707
1,1435,-0.11020,16.20690,0.12709
1,1436,-0.11030,16.21240,0.12711
1,1437,-0.11050,16.21790,0.12713
1,1438,-0.11060,16.22330,0.12715
1,1439,-0.11070,16.22880,0.12717
1,1440,-0.11080,16.23430,0.12718
1,1441,-0.11090,16.23970,0.12720
1,1442,-0.11100,16.24520,0.12722
1,1443,-0.11110,16.25060,0.12724
1,1444,-0.11120,16.25610,0.12726
1,1445,-0.11130,16.26160,0.12728
1,1446,-0.11150,16.26700,0.12730
1,1447,-0.11160,16.27250,0.12732
1,1448,-0.11170,16.27790,0.12734
1,1449,-0.11180,16.28340,0.12736
1,1450,-0.11190,16.28890,0.12738
1,1451,-0.11200,16.29430,0.12740
1,1452,-0.11210,16.29980,0.12742
1,1453,-0.11220,16.30530,0.12744
1,1454,-0.11230,16.31070,0.12746
1,1455,-0.11250,16.31620,0.12747
1,1456,-0.11260,16.32160,0.12749
1,1457,-0.11270,16.32710,0.12751
1,1458,-0.11280,16.33250,0.12753
1,1459,-0.11290,16.33800,0.12755
1,1460,-0.11300,16.34350,0.12757
1,1461,-0.11310,16.34890,0.12759
1,1462,-0.11320,16.35440,0.12761
1,1463,-0.11330,16.35980,0.12763
1,1464,-0.11340,16.36530,0.12765
1,1465,-0.11360,16.37080,0.12767
1,1466,-0.11370,16.37620,0.12769
1,1467,-0.11380,16.38170,0.12771
1,1468,-0.11390,16.38710,0.12773
1,1469,-0.11400,16.39260,0.12775
1,1470,-0.11410,16.39810,0.12777
1,1471,-0.11420,16.40350,0.12779
1,1472,-0.11430,16.40900,0.12781
1,1473,-0.11440,16.41440,0.12783
1,1474,-0.11460,16.41990,0.12785
1,1475,-0.11470,16.42530,0.12787
1,1476,-0.11480,16.43080,0.12789
1,1477,-0.11490,16.43630,0.12791
1,1478,-0.11500,16.44170,0.12793
1,1479,-0.11510,16.44720,0.12795
1,1480,-0.11520,16.45260,0.12797
1,1481,-0.11530,16.45810,0.12799
1,1482,-0.11540,16.46350,0.12801
1,1483,-0.11550,16.46900,0.12803
1,1484,-0.11560,16.47450,0.12804
1,1485,-0.11580,16.47990,0.12806
1,1486,-0.11590,16.48540,0.12808
1,1487,-0.11600,16.49080,0.12810
1,1488,-0.11610,16.49630,0.12812
1,1489,-0.11620,16.50170,0.12814
1,1490,-0.11630,16.50720,0.12816
1,1491,-0.11640,16.51260,0.12818
1,1492,-0.11650,16.51810,0.12820
1,1493,-0.11660,16.52360,0.12822
1,1494,-0.11670,16.52900,0.12824
1,1495,-0.11680,16.53450,0.12826
1,1496,-0.11700,16.53990,0.12828
1,1497,-0.11710,16.54540,0.12830
1,1498,-0.11720,16.55080,0.12832
1,1499,-0.11730,16.55630,0.12834
1,1500,-0.11740,16.56180,0.12836
1,1501,-0.11750,16.56720,0.12838
1,1502,-0.11760,16.57270,0.12840
1,1503,-0.11770,16.57810,0.12842
1,1504,-0.11780,16.58360,0.12844
1,1505,-0.11790,16.58900,0.12846
1,1506,-0.11800,16.59450,0.12848
1,1507,-0.11820,16.59990,0.12850
1,1508,-0.11830,16.60540,0.12852
1,1509,-0.11840,16.61090,0.12854
1,1510,-0.11850,16.61630,0.12856
1,1511,-0.11860,16.62180,0.12858
1,1512,-0.11870,16.62720,0.12860
1,1513,-0.11880,16.63270,0.12863
1,1514,-0.11890,16.63810,0.12865
1,1515,-0.11900,16.64360,0.12867
1,1516,-0.11910,16.64900,0.12869
1,1517,-0.11920,16.65450,0.12871
1,1518,-0.11930,16.65990,0.12873
1,1519,-0.11950,16.66540,0.12875
1,1520,-0.11960,16.67090,0.12877
1,1521,-0.11970,16.67630,0.12879
1,1522,-0.11980,16.68180,0.12881
1,1523,-0.11990,16.68720,0.12883
1,1524,-0.12000,16.69270,0.12885
1,1525,-0.12010,16.69810,0.12887
1,1526,-0.12020,16.70360,0.12889
1,1527,-0.12030,16.70900,0.12891
1,1528,-0.12040,16.71450,0.12893
1,1529,-0.12050,16.72000,0.12895
1,1530,-0.12060,16.72540,0.12897
1,1531,-0.12070,16.73090,0.12899
1,1532,-0.12080,16.73630,0.12901
1,1533,-0.12100,16.74180,0.12903
1,1534,-0.12110,16.74720,0.12905
1,1535,-0.12120,16.75270,0.12907
1,1536,-0.12130,16.75810,0.12909
1,1537,-0.12140,16.76360,0.12911
1,1538,-0.12150,16.76900,0.12913
1,1539,-0.12160,16.77450,0.12915
1,1540,-0.12170,16.78000,0.12917
1,1541,-0.12180,16.78540,0.12919
1,1542,-0.12190,16.79090,0.12921
1,1543,-0.12200,16.79630,0.12923
1,1544,-0.12210,16.80180,0.12925
1,1545,-0.12220,16.80720,0.12928
1,1546,-0.12230,16.81270,0.12930
1,1547,-0.12250,16.81810,0.12932
1,1548,-0.12260,16.82360,0.12934
1,1549,-0.12270,16.82900,0.12936
1,1550,-0.12280,16.83450,0.12938
1,1551,-0.12290,16.84000,0.12940
1,1552,-0.12300,16.84540,0.12942
1,1553,-0.12310,16.85090,0.12944
1,1554,-0.12320,16.85630,0.12946
1,1555,-0.12330,16.86180,0.12948
1,1556,-0.12340,16.86720,0.12950
1,1557,-0.12350,16.87270,0.12952
1,1558,-0.12360,16.87810,0.12954
1,1559,-0.12370,16.88360,0.12956
1,1560,-0.12380,16.88910,0.12958
1,1561,-0.12390,16.89450,0.12960
1,1562,-0.12400,16.90000,0.12962
1,1563,-0.12420,16.90540,0.12965
1,1564,-0.12430,16.91090,0.12967
1,1565,-0.12440,16.91630,0.12969
1,1566,-0.12450,16.92180,0.12971
1,1567,-0.12460,16.92720,0.12973
1,1568,-0.12470,16.93270,0.12975
1,1569,-0.12480,16.93820,0.12977
1,1570,-0.12490,16.94360,0.12979
1,1571,-0.12500,16.94910,0.12981
1,1572,-0.12510,16.95450,0.12983
1,1573,-0.12520,16.96000,0.12985
1,1574,-0.12530,16.96540,0.12987
1,1575,-0.12540,16.97090,0.12989
1,1576,-0.12550,16.97630,0.12991
1,1577,-0.12560,16.98180,0.12993
1,1578,-0.12570,16.98730,0.12996
1,1579,-0.12580,16.99270,0.12998
1,1580,-0.12590,16.99820,0.13000
1,1581,-0.12600,17.00360,0.13002
1,1582,-0.12620,17.00910,0.13004
1,1583,-0.12630,17.01450,0.13006
1,1584,-0.12640,17.02000,0.13008
1,1585,-0.12650,17.02550,0.13010
1,1586,-0.12660,17.03090,0.13012
1,1587,-0.12670,17.03640,0.13014
1,1588,-0.12680,17.04180,0.13016
1,1589,-0.12690,17.04730,0.13018
1,1590,-0.12700,17.05270,0.13020
1,1591,-0.12710,17.05820,0.13023
1,1592,-0.12720,17.06360,0.13025
1,1593,-0.12730,17.06910,0.13027
1,1594,-0.12740,17.07460,0.13029
1,1595,-0.12750,17.08000,0.13031
1,1596,-0.12760,17.08550,0.13033
1,1597,-0.12770,17.09090,0.13035
1,1598,-0.12780,17.09640,0.13037
1,1599,-0.12790,17.10180,0.13039
1,1600,-0.12800,17.10730,0.13041
1,1601,-0.12810,17.11270,0.13043
1,1602,-0.12820,17.11820,0.13045
1,1603,-0.12830,17.12370,0.13047
1,1604,-0.12850,17.12910,0.13050
1,1605,-0.12860,17.13460,0.13052
1,1606,-0.12870,17.14000,0.13054
1,1607,-0.12880,17.14550,0.13056
1,1608,-0.12890,17.15090,0.13058
1,1609,-0.12900,17.15640,0.13060
1,1610,-0.12910,17.16180,0.13062
1,1611,-0.12920,17.16730,0.13064
1,1612,-0.12930,17.17280,0.13066
1,1613,-0.12940,17.17820,0.13068
1,1614,-0.12950,17.18370,0.13070
1,1615,-0.12960,17.18910,0.13073
1,1616,-0.12970,17.19460,0.13075
1,1617,-0.12980,17.20000,0.13077
1,1618,-0.12990,17.20550,0.13079
1,1619,-0.13000,17.21090,0.13081
1,1620,-0.13010,17.21640,0.13083
1,1621,-0.13020,17.22180,0.13085
1,1622,-0.13030,17.22730,0.13087
1,1623,-0.13040,17.23280,0.13089
1,1624,-0.13050,17.23820,0.13091
1,1625,-0.13060,17.24370,0.13093
1,1626,-0.13070,17.24910,0.13096
1,1627,-0.13080,17.25460,0.13098
1,1628,-0.13090,17.26000,0.13100
1,1629,-0.13100,17.26550,0.13102
1,1630,-0.13110,17.27090,0.13104
1,1631,-0.13120,17.27640,0.13106
1,1632,-0.13140,17.28180,0.13108
1,1633,-0.13150,17.28730,0.13110
1,1634,-0.13160,17.29270,0.13112
1,1635,-0.13170,17.29820,0.13114
1,1636,-0.13180,17.30370,0.13117
1,1637,-0.13190,17.30910,0.13119
1,1638,-0.13200,17.31460,0.13121
1,1639,-0.13210,17.32000,0.13123
1,1640,-0.13220,17.32550,0.13125
1,1641,-0.13230,17.33090,0.13127
1,1642,-0.13240,17.33640,0.13129
1,1643,-0.13250,17.34180,0.13131
1,1644,-0.13260,17.34730,0.13133
1,1645,-0.13270,17.35270,0.13135
1,1646,-0.13280,17.35820,0.13137
1,1647,-0.13290,17.36360,0.13140
1,1648,-0.13300,17.36910,0.13142
1,1649,-0.13310,17.37450,0.13144
1,1650,-0.13320,17.38000,0.13146
1,1651,-0.13330,17.38540,0.13148
1,1652,-0.13340,17.39090,0.13150
1,1653,-0.13350,17.39630,0.13152
1,1654,-0.13360,17.40180,0.13154
1,1655,-0.13370,17.40720,0.13156
1,1656,-0.13380,17.41270,0.13159
1,1657,-0.13390,17.41810,0.13161
1,1658,-0.13400,17.42360,0.13163
1,1659,-0.13410,17.42900,0.13165
1,1660,-0.13420,17.43450,0.13167
1,1661,-0.13430,17.43990,0.13169
1,1662,-0.13440,17.44540,0.13171
1,1663,-0.13450,17.45080,0.13173
1,1664,-0.13460,17.45630,0.13175
1,1665,-0.13470,17.46170,0.13177
1,1666,-0.13480,17.46720,0.13180
1,1667,-0.13490,17.47260,0.13182
1,1668,-0.13500,17.47810,0.13184
1,1669,-0.13510,17.48350,0.13186
1,1670,-0.13520,17.48900,0.13188
1,1671,-0.13530,17.49440,0.13190
1,1672,-0.13540,17.49990,0.13192
1,1673,-0.13550,17.50530,0.13194
1,1674,-0.13560,17.51070,0.13196
1,1675,-0.13570,17.51620,0.13199
1,1676,-0.13580,17.52160,0.13201
1,1677,-0.13590,17.52710,0.13203
1,1678,-0.13600,17.53250,0.13205
1,1679,-0.13610,17.53800,0.13207
1,1680,-0.13620,17.54340,0.13209
1,1681,-0.13630,17.54890,0.13211
1,1682,-0.13640,17.55430,0.13213
1,1683,-0.13650,17.55980,0.13215
1,1684,-0.13660,17.56520,0.13218
1,1685,-0.13670,17.57060,0.13220
1,1686,-0.13680,17.57610,0.13222
1,1687,-0.13690,17.58150,0.13224
1,1688,-0.13700,17.58700,0.13226
1,1689,-0.13710,17.59240,0.13228
1,1690,-0.13730,17.59790,0.13230
1,1691,-0.13740,17.60330,0.13232
1,1692,-0.13750,17.60870,0.13234
1,1693,-0.13760,17.61420,0.13237
1,1694,-0.13770,17.61960,0.13239
1,1695,-0.13780,17.62510,0.13241
1,1696,-0.13790,17.63050,0.13243
1,1697,-0.13800,17.63600,0.13245
1,1698,-0.13810,17.64140,0.13247
1,1699,-0.13820,17.64680,0.13249
1,1700,-0.13830,17.65230,0.13251
1,1701,-0.13840,17.65770,0.13253
1,1702,-0.13850,17.66320,0.13256
1,1703,-0.13860,17.66860,0.13258
1,1704,-0.13870,17.67400,0.13260
1,1705,-0.13880,17.67950,0.13262
1,1706,-0.13890,17.68490,0.13264
1,1707,-0.13900,17.69040,0.13266
1,1708,-0.13910,17.69580,0.13268
1,1709,-0.13920,17.70120,0.13270
1,1710,-0.13930,17.70670,0.13272
1,1711,-0.13940,17.71210,0.13275
1,1712,-0.13950,17.71750,0.13277
1,1713,-0.13960,17.72300,0.13279
1,1714,-0.13970,17.72840,0.13281
1,1715,-0.13980,17.73390,0.13283
1,1716,-0.13990,17.73930,0.13285
1,1717,-0.14000,17.74470,0.13287
1,1718,-0.14010,17.75020,0.13289
1,1719,-0.14020,17.75560,0.13291
1,1720,-0.14030,17.76100,0.13294
1,1721,-0.14040,17.76650,0.13296
1,1722,-0.14040,17.77190,0.13298
1,1723,-0.14050,17.77730,0.13300
1,1724,-0.14060,17.78280,0.13302
1,1725,-0.14070,17.78820,0.13304
1,1726,-0.14080,17.79360,0.13306
1,1727,-0.14090,17.79910,0.13308
1,1728,-0.14100,17.80450,0.13310
1,1729,-0.14110,17.80990,0.13313
1,1730,-0.14120,17.81540,0.13315
1,1731,-0.14130,17.82080,0.13317
1,1732,-0.14140,17.82620,0.13319
1,1733,-0.14150,17.83170,0.13321
1,1734,-0.14160,17.83710,0.13323
1,1735,-0.14170,17.84250,0.13325
1,1736,-0.14180,17.84800,0.13327
1,1737,-0.14190,17.85340,0.13329
1,1738,-0.14200,17.85880,0.13332
1,1739,-0.14210,17.86420,0.13334
1,1740,-0.14220,17.86970,0.13336
1,1741,-0.14230,17.87510,0.13338
1,1742,-0.14240,17.88050,0.13340
1,1743,-0.14250,17.88600,0.13342
1,1744,-0.14260,17.89140,0.13344
1,1745,-0.14270,17.89680,0.13346
1,1746,-0.14280,17.90220,0.13348
1,1747,-0.14290,17.90770,0.13351
1,1748,-0.14300,17.91310,0.13353
1,1749,-0.14310,17.91850,0.13355
1,1750,-0.14320,17.92400,0.13357
1,1751,-0.14330,17.92940,0.13359
1,1752,-0.14340,17.93480,0.13361
1,1753,-0.14350,17.94020,0.13363
1,1754,-0.14360,17.94570,0.13365
1,1755,-0.14370,17.95110,0.13367
1,1756,-0.14380,17.95650,0.13370
1,1757,-0.14390,17.96190,0.13372
1,1758,-0.14400,17.96740,0.13374
1,1759,-0.14410,17.97280,0.13376
1,1760,-0.14420,17.97820,0.13378
1,1761,-0.14430,17.98360,0.13380
1,1762,-0.14440,17.98900,0.13382
1,1763,-0.14450,17.99450,0.13384
1,1764,-0.14460,17.99990,0.13386
1,1765,-0.14470,18.00530,0.13389
1,1766,-0.14480,18.01070,0.13391
1,1767,-0.14490,18.01620,0.13393
1,1768,-0.14500,18.02160,0.13395
1,1769,-0.14510,18.02700,0.13397
1,1770,-0.14520,18.03240,0.13399
1,1771,-0.14530,18.03780,0.13401
1,1772,-0.14540,18.04320,0.13403
1,1773,-0.14550,18.04870,0.13405
1,1774,-0.14560,18.05410,0.13408
1,1775,-0.14570,18.05950,0.13410
1,1776,-0.14580,18.06490,0.13412
1,1777,-0.14590,18.07030,0.13414
1,1778,-0.14600,18.07580,0.13416
1,1779,-0.14610,18.08120,0.13418
1,1780,-0.14620,18.08660,0.13420
1,1781,-0.14620,18.09200,0.13422
1,1782,-0.14630,18.09740,0.13424
1,1783,-0.14640,18.10280,0.13426
1,1784,-0.14650,18.10820,0.13429
1,1785,-0.14660,18.11370,0.13431
1,1786,-0.14670,18.11910,0.13433
1,1787,-0.14680,18.12450,0.13435
1,1788,-0.14690,18.12990,0.13437
1,1789,-0.14700,18.13530,0.13439
1,1790,-0.14710,18.14070,0.13441
1,1791,-0.14720,18.14610,0.13443
1,1792,-0.14730,18.15150,0.13445
1,1793,-0.14740,18.15700,0.13448
1,1794,-0.14750,18.16240,0.13450
1,1795,-0.14760,18.16780,0.13452
1,1796,-0.14770,18.17320,0.13454
1,1797,-0.14780,18.17860,0.13456
1,1798,-0.14790,18.18400,0.13458
1,1799,-0.14800,18.18940,0.13460
1,1800,-0.14810,18.19480,0.13462
1,1801,-0.14820,18.20020,0.13464
1,1802,-0.14830,18.20560,0.13466
1,1803,-0.14840,18.21100,0.13469
1,1804,-0.14850,18.21640,0.13471
1,1805,-0.14860,18.22180,0.13473
1,1806,-0.14870,18.22720,0.13475
1,1807,-0.14880,18.23270,0.13477
1,1808,-0.14890,18.23810,0.13479
1,1809,-0.14900,18.24350,0.13481
1,1810,-0.14910,18.24890,0.13483
1,1811,-0.14910,18.25430,0.13485
1,1812,-0.14920,18.25970,0.13487
1,1813,-0.14930,18.26510,0.13490
1,1814,-0.14940,18.27050,0.13492
1,1815,-0.14950,18.27590,0.13494
1,1816,-0.14960,18.28130,0.13496
1,1817,-0.14970,18.28670,0.13498
1,1818,-0.14980,18.29210,0.13500
1,1819,-0.14990,18.29750,0.13502
1,1820,-0.15000,18.30290,0.13504
1,1821,-0.15010,18.30830,0.13506
1,1822,-0.15020,18.31370,0.13508
1,1823,-0.15030,18.31900,0.13511
1,1824,-0.15040,18.32440,0.13513
1,1825,-0.15050,18.32980,0.13515
1,1826,-0.15060,18.33520,0.13517
1,1827,-0.15070,18.34060,0.13519
1,1828,-0.15080,18.34600,0.13521
1,1829,-0.15090,18.35140,0.13523
1,1830,-0.15100,18.35680,0.13525
1,1831,-0.15110,18.36220,0.13527
1,1832,-0.15120,18.36760,0.13529
1,1833,-0.15130,18.37300,0.13531
1,1834,-0.15140,18.37840,0.13534
1,1835,-0.15140,18.38380,0.13536
1,1836,-0.15150,18.38910,0.13538
1,1837,-0.15160,18.39450,0.13540
1,1838,-0.15170,18.39990,0.13542
1,1839,-0.15180,18.40530,0.13544
1,1840,-0.15190,18.41070,0.13546
1,1841,-0.15200,18.41610,0.13548
1,1842,-0.15210,18.42150,0.13550
1,1843,-0.15220,18.42680,0.13552
1,1844,-0.15230,18.43220,0.13554
1,1845,-0.15240,18.43760,0.13557
1,1846,-0.15250,18.44300,0.13559
1,1847,-0.15260,18.44840,0.13561
1,1848,-0.15270,18.45380,0.13563
1,1849,-0.15280,18.45910,0.13565
1,1850,-0.15290,18.46450,0.13567
1,1851,-0.15300,18.46990,0.13569
1,1852,-0.15310,18.47530,0.13571
1,1853,-0.15320,18.48070,0.13573
1,1854,-0.15330,18.48600,0.13575
1,1855,-0.15330,18.49140,0.13577
1,1856,-0.15340,18.49680,0.13580
2,0,0.38090,3.23220,0.14171
2,1,0.32590,3.19570,0.14578
2,2,0.31010,3.21040,0.14637
2,3,0.29860,3.23150,0.14657
2,4,0.28910,3.25580,0.14658
2,5,0.28100,3.28210,0.14646
2,6,0.27370,3.30990,0.14626
2,7,0.26710,3.33880,0.14600
2,8,0.26090,3.36870,0.14569
2,9,0.25510,3.39950,0.14534
2,10,0.24970,3.43140,0.14498
2,11,0.24460,3.46430,0.14459
2,12,0.23970,3.49830,0.14420
2,13,0.23490,3.53330,0.14380
2,14,0.23040,3.56930,0.14339
2,15,0.22600,3.60630,0.14299
2,16,0.22180,3.64380,0.14258
2,17,0.21770,3.68180,0.14218
2,18,0.21370,3.72010,0.14177
2,19,0.20990,3.75840,0.14138
2,20,0.20610,3.79680,0.14098
2,21,0.20240,3.83520,0.14060
2,22,0.19890,3.87350,0.14021
2,23,0.19540,3.91160,0.13984
2,24,0.19190,3.94950,0.13947
2,25,0.18860,3.98720,0.13910
2,26,0.18530,4.02470,0.13875
2,27,0.18210,4.06180,0.13840
2,28,0.17890,4.09870,0.13805
2,29,0.17580,4.13530,0.13771
2,30,0.17270,4.17160,0.13738
2,31,0.16970,4.20750,0.13706
2,32,0.16680,4.24310,0.13674
2,33,0.16380,4.27830,0.13643
2,34,0.16100,4.31310,0.13613
2,35,0.15820,4.34760,0.13583
2,36,0.15540,4.38180,0.13554
2,37,0.15260,4.41550,0.13526
2,38,0.14990,4.44900,0.13498
2,39,0.14730,4.48200,0.13470
2,40,0.14460,4.51480,0.13444
2,41,0.14200,4.54720,0.13418
2,42,0.13950,4.57930,0.13392
2,43,0.13690,4.61100,0.13367
2,44,0.13440,4.64250,0.13342
2,45,0.13200,4.67360,0.13318
2,46,0.12950,4.70440,0.13295
2,47,0.12710,4.73490,0.13272
2,48,0.12470,4.76510,0.13250
2,49,0.12240,4.79500,0.13228
2,50,0.12000,4.82450,0.13206
2,51,0.11770,4.85380,0.13185
2,52,0.11540,4.88280,0.13165
2,53,0.11320,4.91150,0.13145
2,54,0.11090,4.93990,0.13125
2,55,0.10870,4.96800,0.13106
2,56,0.10650,4.99590,0.13087
2,57,0.10440,5.02350,0.13068
2,58,0.10220,5.05090,0.13050
2,59,0.10010,5.07800,0.13033
2,60,0.09800,5.10490,0.13015
2,61,0.09590,5.13150,0.12998
2,62,0.09380,5.15800,0.12982
2,63,0.09180,5.18420,0.12966
2,64,0.08970,5.21020,0.12950
2,65,0.08770,5.23600,0.12934
2,66,0.08570,5.26160,0.12919
2,67,0.08380,5.28700,0.12904
2,68,0.08180,5.31210,0.12889
2,69,0.07980,5.33700,0.12875
2,70,0.07790,5.36180,0.12861
2,71,0.07600,5.38630,0.12847
2,72,0.07410,5.41070,0.12834
2,73,0.07220,5.43480,0.12821
2,74,0.07040,5.45870,0.12808
2,75,0.06850,5.48250,0.12795
2,76,0.06670,5.50610,0.12783
2,77,0.06480,5.52950,0.12770
2,78,0.06300,5.55270,0.12758
2,79,0.06120,5.57570,0.12747
2,80,0.05950,5.59860,0.12735
2,81,0.05770,5.62130,0.12724
2,82,0.05590,5.64380,0.12713
2,83,0.05420,5.66620,0.12702
2,84,0.05250,5.68830,0.12691
2,85,0.05080,5.71040,0.12681
2,86,0.04900,5.73220,0.12671
2,87,0.04740,5.75390,0.12660
2,88,0.04570,5.77550,0.12651
2,89,0.04400,5.79690,0.12641
2,90,0.04240,5.81810,0.12631
2,91,0.04070,5.83930,0.12622
2,92,0.03910,5.86020,0.12613
2,93,0.03750,5.88100,0.12604
2,94,0.03580,5.90170,0.12595
2,95,0.03420,5.92230,0.12586
2,96,0.03270,5.94270,0.12577
2,97,0.03110,5.96290,0.12569
2,98,0.02950,5.98310,0.12561
2,99,0.02790,6.00310,0.12553
2,100,0.02640,6.02290,0.12545
2,101,0.02490,6.04260,0.12537
2,102,0.02330,6.06220,0.12529
2,103,0.02180,6.08170,0.12522
2,104,0.02030,6.10100,0.12514
2,105,0.01880,6.12020,0.12507
2,106,0.01730,6.13930,0.12500
2,107,0.01580,6.15820,0.12493
2,108,0.01440,6.17710,0.12486
2,109,0.01290,6.19580,0.12479
2,110,0.01140,6.21430,0.12472
2,111,0.01000,6.23280,0.12466
2,112,0.00860,6.25110,0.12459
2,113,0.00710,6.26930,0.12453
2,114,0.00570,6.28740,0.12447
2,115,0.00430,6.30540,0.12441
2,116,0.00290,6.32320,0.12435
2,117,0.00150,6.34100,0.12429
2,118,0.00010,6.35860,0.12423
2,119,-0.00130,6.37610,0.12417
2,120,-0.00260,6.39350,0.12412
2,121,-0.00400,6.41080,0.12406
2,122,-0.00530,6.42800,0.12401
2,123,-0.00670,6.44500,0.12395
2,124,-0.00800,6.46200,0.12390
2,125,-0.00940,6.47880,0.12385
2,126,-0.01070,6.49560,0.12380
2,127,-0.01200,6.51220,0.12375
2,128,-0.01330,6.52880,0.12370
2,129,-0.01460,6.54520,0.12365
2,130,-0.01590,6.56150,0.12360
2,131,-0.01720,6.57770,0.12355
2,132,-0.01850,6.59390,0.12351
2,133,-0.01980,6.60990,0.12346
2,134,-0.02100,6.62580,0.12342
2,135,-0.02230,6.64160,0.12337
2,136,-0.02350,6.65730,0.12333
2,137,-0.02480,6.67290,0.12329
2,138,-0.02600,6.68840,0.12325
2,139,-0.02730,6.70390,0.12321
2,140,-0.02850,6.71920,0.12317
2,141,-0.02970,6.73440,0.12313
2,142,-0.03090,6.74950,0.12309
2,143,-0.03210,6.76460,0.12305
2,144,-0.03330,6.77950,0.12301
2,145,-0.03450,6.79440,0.12298
2,146,-0.03570,6.80910,0.12294
2,147,-0.03690,6.82380,0.12291
2,148,-0.03810,6.83840,0.12287
2,149,-0.03930,6.85290,0.12284
2,150,-0.04040,6.86730,0.12281
2,151,-0.04160,6.88160,0.12277
2,152,-0.04280,6.89590,0.12274
2,153,-0.04390,6.91000,0.12271
2,154,-0.04500,6.92410,0.12268
2,155,-0.04620,6.93810,0.12265
2,156,-0.04730,6.95200,0.12262
2,157,-0.04840,6.96590,0.12259
2,158,-0.04960,6.97970,0.12256
2,159,-0.05070,6.99340,0.12254
2,160,-0.05180,7.00700,0.12251
2,161,-0.05290,7.02050,0.12248
2,162,-0.05400,7.03400,0.12246
2,163,-0.05510,7.04740,0.12243
2,164,-0.05620,7.06070,0.12241
2,165,-0.05730,7.07400,0.12238
2,166,-0.05830,7.08720,0.12236
2,167,-0.05940,7.10030,0.12234
2,168,-0.06050,7.11330,0.12231
2,169,-0.06150,7.12630,0.12229
2,170,-0.06260,7.13930,0.12227
2,171,-0.06370,7.15210,0.12225
2,172,-0.06470,7.16490,0.12223
2,173,-0.06580,7.17760,0.12221
2,174,-0.06680,7.19030,0.12219
2,175,-0.06780,7.20290,0.12217
2,176,-0.06890,7.21540,0.12215
2,177,-0.06990,7.22790,0.12214
2,178,-0.07090,7.24030,0.12212
2,179,-0.07190,7.25270,0.12210
2,180,-0.07290,7.26500,0.12208
2,181,-0.07390,7.27720,0.12207
2,182,-0.07490,7.28940,0.12205
2,183,-0.07590,7.30160,0.12204
2,184,-0.07690,7.31360,0.12202
2,185,-0.07790,7.32560,0.12201
2,186,-0.07890,7.33760,0.12200
2,187,-0.07990,7.34950,0.12198
2,188,-0.08080,7.36140,0.12197
2,189,-0.08180,7.37320,0.12196
2,190,-0.08280,7.38490,0.12195
2,191,-0.08370,7.39660,0.12194
2,192,-0.08470,7.40820,0.12192
2,193,-0.08570,7.41980,0.12191
2,194,-0.08660,7.43140,0.12190
2,195,-0.08750,7.44290,0.12189
2,196,-0.08850,7.45430,0.12188
2,197,-0.08940,7.46570,0.12188
2,198,-0.09040,7.47700,0.12187
2,199,-0.09130,7.48830,0.12186
2,200,-0.09220,7.49950,0.12185
2,201,-0.09310,7.51070,0.12184
2,202,-0.09400,7.52190,0.12184
2,203,-0.09500,7.53300,0.12183
2,204,-0.09590,7.54400,0.12182
2,205,-0.09680,7.55510,0.12182
2,206,-0.09770,7.56600,0.12181
2,207,-0.09860,7.57690,0.12181
2,208,-0.09950,7.58780,0.12180
2,209,-0.10030,7.59860,0.12180
2,210,-0.10120,7.60940,0.12179
2,211,-0.10210,7.62020,0.12179
2,212,-0.10300,7.63090,0.12179
2,213,-0.10390,7.64160,0.12178
2,214,-0.10470,7.65220,0.12178
2,215,-0.10560,7.66280,0.12178
2,216,-0.10650,7.67330,0.12177
2,217,-0.10730,7.68380,0.12177
2,218,-0.10820,7.69430,0.12177
2,219,-0.10900,7.70470,0.12177
2,220,-0.10990,7.71510,0.12177
2,221,-0.11070,7.72540,0.12177
2,222,-0.11160,7.73570,0.12177
2,223,-0.11240,7.74600,0.12176
2,224,-0.11320,7.75620,0.12176
2,225,-0.11410,7.76640,0.12176
2,226,-0.11490,7.77660,0.12176
2,227,-0.11570,7.78670,0.12177
2,228,-0.11650,7.79680,0.12177
2,229,-0.11730,7.80680,0.12177
2,230,-0.11810,7.81690,0.12177
2,231,-0.11900,7.82680,0.12177
2,232,-0.11980,7.83680,0.12177
2,233,-0.12060,7.84670,0.12177
2,234,-0.12140,7.85660,0.12178
2,235,-0.12220,7.86640,0.12178
2,236,-0.12290,7.87620,0.12178
2,237,-0.12370,7.88600,0.12178
2,238,-0.12450,7.89570,0.12179
2,239,-0.12530,7.90540,0.12179
2,240,-0.12610,7.91510,0.12179
2,241,-0.12690,7.92470,0.12180
2,242,-0.12760,7.93430,0.12180
2,243,-0.12840,7.94390,0.12180
2,244,-0.12920,7.95340,0.12181
2,245,-0.12990,7.96290,0.12181
2,246,-0.13070,7.97240,0.12182
2,247,-0.13140,7.98190,0.12182
2,248,-0.13220,7.99130,0.12182
2,249,-0.13290,8.00070,0.12183
2,250,-0.13370,8.01000,0.12183
2,251,-0.13440,8.01930,0.12184
2,252,-0.13520,8.02860,0.12185
2,253,-0.13590,8.03790,0.12185
2,254,-0.13670,8.04710,0.12186
2,255,-0.13740,8.05630,0.12186
2,256,-0.13810,8.06550,0.12187
2,257,-0.13880,8.07460,0.12187
2,258,-0.13960,8.08370,0.12188
2,259,-0.14030,8.09280,0.12189
2,260,-0.14100,8.10190,0.12189
2,261,-0.14170,8.11090,0.12190
2,262,-0.14240,8.11990,0.12190
2,263,-0.14310,8.12890,0.12191
2,264,-0.14380,8.13780,0.12192
2,265,-0.14450,8.14680,0.12192
2,266,-0.14520,8.15570,0.12193
2,267,-0.14590,8.16450,0.12194
2,268,-0.14660,8.17340,0.12194
2,269,-0.14730,8.18220,0.12195
2,270,-0.14800,8.19100,0.12196
2,271,-0.14870,8.19980,0.12197
2,272,-0.14940,8.20850,0.12197
2,273,-0.15010,8.21720,0.12198
2,274,-0.15070,8.22590,0.12199
2,275,-0.15140,8.23460,0.12199
2,276,-0.15210,8.24320,0.12200
2,277,-0.15280,8.25190,0.12201
2,278,-0.15340,8.26050,0.12202
2,279,-0.15410,8.26900,0.12202
2,280,-0.15470,8.27760,0.12203
2,281,-0.15540,8.28610,0.12204
2,282,-0.15610,8.29460,0.12205
2,283,-0.15670,8.30310,0.12206
2,284,-0.15740,8.31160,0.12206
2,285,-0.15800,8.32010,0.12207
2,286,-0.15870,8.32850,0.12208
2,287,-0.15930,8.33690,0.12209
2,288,-0.15990,8.34530,0.12209
2,289,-0.16060,8.35360,0.12210
2,290,-0.16120,8.36200,0.12211
2,291,-0.16180,8.37030,0.12212
2,292,-0.16250,8.37860,0.12213
2,293,-0.16310,8.38690,0.12213
2,294,-0.16370,8.39520,0.12214
2,295,-0.16430,8.40350,0.12215
2,296,-0.16500,8.41170,0.12216
2,297,-0.16560,8.41990,0.12217
2,298,-0.16620,8.42810,0.12218
2,299,-0.16680,8.43630,0.12218
2,300,-0.16740,8.44450,0.12219
2,301,-0.16800,8.45260,0.12220
2,302,-0.16860,8.46070,0.12221
2,303,-0.16920,8.46880,0.12222
2,304,-0.16980,8.47690,0.12222
2,305,-0.17040,8.48500,0.12223
2,306,-0.17100,8.49310,0.12224
2,307,-0.17160,8.50110,0.12225
2,308,-0.17220,8.50920,0.12226
2,309,-0.17280,8.51720,0.12227
2,310,-0.17340,8.52520,0.12227
2,311,-0.17400,8.53320,0.12228
2,312,-0.17450,8.54110,0.12229
2,313,-0.17510,8.54910,0.12230
2,314,-0.17570,8.55700,0.12231
2,315,-0.17630,8.56500,0.12231
2,316,-0.17680,8.57290,0.12232
2,317,-0.17740,8.58080,0.12233
2,318,-0.17800,8.58870,0.12234
2,319,-0.17850,8.59650,0.12235
2,320,-0.17910,8.60440,0.12235
2,321,-0.17970,8.61220,0.12236
2,322,-0.18020,8.62010,0.12237
2,323,-0.18080,8.62790,0.12238
2,324,-0.18130,8.63570,0.12239
2,325,-0.18190,8.64350,0.12239
2,326,-0.18240,8.65120,0.12240
2,327,-0.18300,8.65900,0.12241
2,328,-0.18350,8.66670,0.12242
2,329,-0.18410,8.67450,0.12243
2,330,-0.18460,8.68220,0.12243
2,331,-0.18510,8.68990,0.12244
2,332,-0.18570,8.69760,0.12245
2,333,-0.18620,8.70530,0.12246
2,334,-0.18670,8.71300,0.12246
2,335,-0.18730,8.72070,0.12247
2,336,-0.18780,8.72830,0.12248
2,337,-0.18830,8.73600,0.12249
2,338,-0.18890,8.74360,0.12249
2,339,-0.18940,8.75120,0.12250
2,340,-0.18990,8.75880,0.12251
2,341,-0.19040,8.76640,0.12252
2,342,-0.19090,8.77400,0.12252
2,343,-0.19140,8.78160,0.12253
2,344,-0.19200,8.78920,0.12254
2,345,-0.19250,8.79680,0.12254
2,346,-0.19300,8.80430,0.12255
2,347,-0.19350,8.81190,0.12256
2,348,-0.19400,8.81940,0.12256
2,349,-0.19450,8.82690,0.12257
2,350,-0.19500,8.83440,0.12258
2,351,-0.19550,8.84200,0.12259
2,352,-0.19600,8.84950,0.12259
2,353,-0.19650,8.85690,0.12260
2,354,-0.19700,8.86440,0.12261
2,355,-0.19740,8.87190,0.12261
2,356,-0.19790,8.87940,0.12262
2,357,-0.19840,8.88680,0.12262
2,358,-0.19890,8.89430,0.12263
2,359,-0.19940,8.90170,0.12264
2,360,-0.19990,8.90920,0.12264
2,361,-0.20030,8.91660,0.12265
2,362,-0.20080,8.92400,0.12266
2,363,-0.20130,8.93140,0.12266
2,364,-0.20180,8.93880,0.12267
2,365,-0.20220,8.94620,0.12267
2,366,-0.20270,8.95360,0.12268
2,367,-0.20320,8.96100,0.12269
2,368,-0.20360,8.96840,0.12269
2,369,-0.20410,8.97570,0.12270
2,370,-0.20460,8.98310,0.12270
2,371,-0.20500,8.99040,0.12271
2,372,-0.20550,8.99780,0.12272
2,373,-0.20590,9.00510,0.12272
2,374,-0.20640,9.01250,0.12273
2,375,-0.20680,9.01980,0.12273
2,376,-0.20730,9.02710,0.12274
2,377,-0.20770,9.03440,0.12274
2,378,-0.20820,9.04170,0.12275
2,379,-0.20860,9.04900,0.12275
2,380,-0.20910,9.05630,0.12276
2,381,-0.20950,9.06360,0.12276
2,382,-0.21000,9.07090,0.12277
2,383,-0.21040,9.07820,0.12277
2,384,-0.21080,9.08540,0.12278
2,385,-0.21130,9.09270,0.12278
2,386,-0.21170,9.09990,0.12279
2,387,-0.21210,9.10720,0.12279
2,388,-0.21260,9.11440,0.12280
2,389,-0.21300,9.12170,0.12280
2,390,-0.21340,9.12890,0.12281
2,391,-0.21390,9.13610,0.12281
2,392,-0.21430,9.14340,0.12282
2,393,-0.21470,9.15060,0.12282
2,394,-0.21510,9.15780,0.12282
2,395,-0.21550,9.16500,0.12283
2,396,-0.21600,9.17220,0.12283
2,397,-0.21640,9.17940,0.12284
2,398,-0.21680,9.18660,0.12284
2,399,-0.21720,9.19380,0.12285
2,400,-0.21760,9.20090,0.12285
2,401,-0.21800,9.20810,0.12285
2,402,-0.21840,9.21530,0.12286
2,403,-0.21880,9.22250,0.12286
2,404,-0.21920,9.22960,0.12287
2,405,-0.21960,9.23680,0.12287
2,406,-0.22000,9.24390,0.12287
2,407,-0.22040,9.25110,0.12288
2,408,-0.22080,9.25820,0.12288
2,409,-0.22120,9.26540,0.12288
2,410,-0.22160,9.27250,0.12289
2,411,-0.22200,9.27960,0.12289
2,412,-0.22240,9.28670,0.12289
2,413,-0.22280,9.29390,0.12290
2,414,-0.22320,9.30100,0.12290
2,415,-0.22360,9.30810,0.12290
2,416,-0.22400,9.31520,0.12291
2,417,-0.22430,9.32230,0.12291
2,418,-0.22470,9.32940,0.12291
2,419,-0.22510,9.33650,0.12292
2,420,-0.22550,9.34360,0.12292
2,421,-0.22590,9.35070,0.12292
2,422,-0.22620,9.35780,0.12292
2,423,-0.22660,9.36490,0.12293
2,424,-0.22700,9.37200,0.12293
2,425,-0.22740,9.37900,0.12293
2,426,-0.22770,9.38610,0.12294
2,427,-0.22810,9.39320,0.12294
2,428,-0.22850,9.40020,0.12294
2,429,-0.22880,9.40730,0.12294
2,430,-0.22920,9.41440,0.12295
2,431,-0.22960,9.42140,0.12295
2,432,-0.22990,9.42850,0.12295
2,433,-0.23030,9.43550,0.12295
2,434,-0.23070,9.44260,0.12295
2,435,-0.23100,9.44960,0.12296
2,436,-0.23140,9.45670,0.12296
2,437,-0.23170,9.46370,0.12296
2,438,-0.23210,9.47070,0.12296
2,439,-0.23240,9.47780,0.12296
2,440,-0.23280,9.48480,0.12297
2,441,-0.23310,9.49180,0.12297
2,442,-0.23350,9.49880,0.12297
2,443,-0.23380,9.50580,0.12297
2,444,-0.23420,9.51290,0.12297
2,445,-0.23450,9.51990,0.12298
2,446,-0.23490,9.52690,0.12298
2,447,-0.23520,9.53390,0.12298
2,448,-0.23550,9.54090,0.12298
2,449,-0.23590,9.54790,0.12298
2,450,-0.23620,9.55490,0.12298
2,451,-0.23660,9.56190,0.12299
2,452,-0.23690,9.56890,0.12299
2,453,-0.23720,9.57590,0.12299
2,454,-0.23760,9.58290,0.12299
2,455,-0.23790,9.58980,0.12299
2,456,-0.23820,9.59680,0.12299
2,457,-0.23850,9.60380,0.12299
2,458,-0.23890,9.61080,0.12300
2,459,-0.23920,9.61780,0.12300
2,460,-0.23950,9.62470,0.12300
2,461,-0.23980,9.63170,0.12300
2,462,-0.24020,9.63870,0.12300
2,463,-0.24050,9.64570,0.12300
2,464,-0.24080,9.65260,0.12300
2,465,-0.24110,9.65960,0.12300
2,466,-0.24140,9.66650,0.12301
2,467,-0.24180,9.67350,0.12301
2,468,-0.24210,9.68050,0.12301
2,469,-0.24240,9.68740,0.12301
2,470,-0.24270,9.69440,0.12301
2,471,-0.24300,9.70130,0.12301
2,472,-0.24330,9.70830,0.12301
2,473,-0.24360,9.71520,0.12301
2,474,-0.24390,9.72220,0.12301
2,475,-0.24420,9.72910,0.12302
2,476,-0.24460,9.73610,0.12302
2,477,-0.24490,9.74300,0.12302
2,478,-0.24520,9.75000,0.12302
2,479,-0.24550,9.75690,0.12302
2,480,-0.24580,9.76380,0.12302
2,481,-0.24610,9.77080,0.12302
2,482,-0.24640,9.77770,0.12302
2,483,-0.24670,9.78460,0.12302
2,484,-0.24700,9.79160,0.12302
2,485,-0.24720,9.79850,0.12303
2,486,-0.24750,9.80540,0.12303
2,487,-0.24780,9.81240,0.12303
2,488,-0.24810,9.81930,0.12303
2,489,-0.24840,9.82620,0.12303
2,490,-0.24870,9.83310,0.12303
2,491,-0.24900,9.84010,0.12303
2,492,-0.24930,9.84700,0.12303
2,493,-0.24960,9.85390,0.12303
2,494,-0.24990,9.86080,0.12303
2,495,-0.25010,9.86770,0.12303
2,496,-0.25040,9.87460,0.12304
2,497,-0.25070,9.88160,0.12304
2,498,-0.25100,9.88850,0.12304
2,499,-0.25130,9.89540,0.12304
2,500,-0.25150,9.90230,0.12304
2,501,-0.25180,9.90920,0.12304
2,502,-0.25210,9.91610,0.12304
2,503,-0.25240,9.92300,0.12304
2,504,-0.25260,9.92990,0.12304
2,505,-0.25290,9.93680,0.12304
2,506,-0.25320,9.94370,0.12304
2,507,-0.25350,9.95060,0.12305
2,508,-0.25370,9.95750,0.12305
2,509,-0.25400,9.96440,0.12305
2,510,-0.25430,9.97130,0.12305
2,511,-0.25450,9.97820,0.12305
2,512,-0.25480,9.98510,0.12305
2,513,-0.25510,9.99200,0.12305
2,514,-0.25530,9.99890,0.12305
2,515,-0.25560,10.00580,0.12305
2,516,-0.25580,10.01270,0.12305
2,517,-0.25610,10.01960,0.12305
2,518,-0.25640,10.02650,0.12306
2,519,-0.25660,10.03340,0.12306
2,520,-0.25690,10.04020,0.12306
2,521,-0.25710,10.04710,0.12306
2,522,-0.25740,10.05400,0.12306
2,523,-0.25770,10.06090,0.12306
2,524,-0.25790,10.06780,0.12306
2,525,-0.25820,10.07460,0.12306
2,526,-0.25840,10.08150,0.12306
2,527,-0.25870,10.08840,0.12307
2,528,-0.25890,10.09530,0.12307
2,529,-0.25920,10.10210,0.12307
2,530,-0.25940,10.10900,0.12307
2,531,-0.25970,10.11590,0.12307
2,532,-0.25990,10.12270,0.12307
2,533,-0.26010,10.12960,0.12307
2,534,-0.26040,10.13650,0.12307
2,535,-0.26060,10.14330,0.12308
2,536,-0.26090,10.15020,0.12308
2,537,-0.26110,10.15700,0.12308
2,538,-0.26140,10.16390,0.12308
2,539,-0.26160,10.17070,0.12308
2,540,-0.26180,10.17760,0.12308
2,541,-0.26210,10.18450,0.12308
2,542,-0.26230,10.19130,0.12309
2,543,-0.26250,10.19820,0.12309
2,544,-0.26280,10.20500,0.12309
2,545,-0.26300,10.21190,0.12309
2,546,-0.26320,10.21870,0.12309
2,547,-0.26350,10.22550,0.12309
2,548,-0.26370,10.23240,0.12309
2,549,-0.26390,10.23920,0.12310
2,550,-0.26420,10.24610,0.12310
2,551,-0.26440,10.25290,0.12310
2,552,-0.26460,10.25970,0.12310
2,553,-0.26490,10.26660,0.12310
2,554,-0.26510,10.27340,0.12310
2,555,-0.26530,10.28030,0.12311
2,556,-0.26550,10.28710,0.12311
2,557,-0.26580,10.29390,0.12311
2,558,-0.26600,10.30080,0.12311
2,559,-0.26620,10.30760,0.12311
2,560,-0.26640,10.31440,0.12311
2,561,-0.26660,10.32130,0.12312
2,562,-0.26690,10.32810,0.12312
2,563,-0.26710,10.33490,0.12312
2,564,-0.26730,10.34170,0.12312
2,565,-0.26750,10.34860,0.12312
2,566,-0.26770,10.35540,0.12313
2,567,-0.26790,10.36220,0.12313
2,568,-0.26820,10.36900,0.12313
2,569,-0.26840,10.37590,0.12313
2,570,-0.26860,10.38270,0.12313
2,571,-0.26880,10.38950,0.12314
2,572,-0.26900,10.39630,0.12314
2,573,-0.26920,10.40310,0.12314
2,574,-0.26940,10.41000,0.12314
2,575,-0.26960,10.41680,0.12314
2,576,-0.26980,10.42360,0.12315
2,577,-0.27000,10.43040,0.12315
2,578,-0.27020,10.43720,0.12315
2,579,-0.27050,10.44400,0.12315
2,580,-0.27070,10.45080,0.12316
2,581,-0.27090,10.45770,0.12316
2,582,-0.27110,10.46450,0.12316
2,583,-0.27130,10.47130,0.12316
2,584,-0.27150,10.47810,0.12316
2,585,-0.27170,10.48490,0.12317
2,586,-0.27190,10.49170,0.12317
2,587,-0.27210,10.49850,0.12317
2,588,-0.27230,10.50530,0.12317
2,589,-0.27250,10.51210,0.12318
2,590,-0.27270,10.51890,0.12318
2,591,-0.27290,10.52570,0.12318
2,592,-0.27300,10.53250,0.12319
2,593,-0.27320,10.53930,0.12319
2,594,-0.27340,10.54610,0.12319
2,595,-0.27360,10.55290,0.12319
2,596,-0.27380,10.55970,0.12320
2,597,-0.27400,10.56650,0.12320
2,598,-0.27420,10.57330,0.12320
2,599,-0.27440,10.58010,0.12320
2,600,-0.27460,10.58690,0.12321
2,601,-0.27480,10.59370,0.12321
2,602,-0.27500,10.60050,0.12321
2,603,-0.27510,10.60730,0.12322
2,604,-0.27530,10.61410,0.12322
2,605,-0.27550,10.62090,0.12322
2,606,-0.27570,10.62770,0.12323
2,607,-0.27590,10.63450,0.12323
2,608,-0.27610,10.64130,0.12323
2,609,-0.27630,10.64810,0.12324
2,610,-0.27640,10.65490,0.12324
2,611,-0.27660,10.66170,0.12324
2,612,-0.27680,10.66850,0.12325
2,613,-0.27700,10.67530,0.12325
2,614,-0.27720,10.68210,0.12325
2,615,-0.27730,10.68890,0.12326
2,616,-0.27750,10.69570,0.12326
2,617,-0.27770,10.70250,0.12326
2,618,-0.27790,10.70930,0.12327
2,619,-0.27800,10.71610,0.12327
2,620,-0.27820,10.72290,0.12327
2,621,-0.27840,10.72970,0.12328
2,622,-0.27860,10.73650,0.12328
2,623,-0.27870,10.74330,0.12328
2,624,-0.27890,10.75010,0.12329
2,625,-0.27910,10.75690,0.12329
2,626,-0.27930,10.76370,0.12330
2,627,-0.27940,10.77050,0.12330
2,628,-0.27960,10.77730,0.12330
2,629,-0.27980,10.78410,0.12331
2,630,-0.27990,10.79090,0.12331
2,631,-0.28010,10.79770,0.12332
2,632,-0.28030,10.80450,0.12332
2,633,-0.28040,10.81130,0.12332
2,634,-0.28060,10.81810,0.12333
2,635,-0.28080,10.82490,0.12333
2,636,-0.28090,10.83170,0.12334
2,637,-0.28110,10.83850,0.12334
2,638,-0.28130,10.84530,0.12335
2,639,-0.28140,10.85210,0.12335
2,640,-0.28160,10.85890,0.12336
2,641,-0.28180,10.86570,0.12336
2,642,-0.28190,10.87250,0.12336
2,643,-0.28210,10.87930,0.12337
2,644,-0.28220,10.88610,0.12337
2,645,-0.28240,10.89290,0.12338
2,646,-0.28260,10.89970,0.12338
2,647,-0.28270,10.90650,0.12339
2,648,-0.28290,10.91330,0.12339
2,649,-0.28300,10.92020,0.12340
2,650,-0.28320,10.92700,0.12340
2,651,-0.28340,10.93380,0.12341
2,652,-0.28350,10.94060,0.12341
2,653,-0.28370,10.94740,0.12342
2,654,-0.28380,10.95420,0.12342
2,655,-0.28400,10.96100,0.12343
2,656,-0.28410,10.96790,0.12343
2,657,-0.28430,10.97470,0.12344
2,658,-0.28440,10.98150,0.12344
2,659,-0.28460,10.98830,0.12345
2,660,-0.28470,10.99510,0.12345
2,661,-0.28490,11.00190,0.12346
2,662,-0.28500,11.00880,0.12346
2,663,-0.28520,11.01560,0.12347
2,664,-0.28530,11.02240,0.12347
2,665,-0.28550,11.02920,0.12348
2,666,-0.28560,11.03600,0.12348
2,667,-0.28580,11.04290,0.12349
2,668,-0.28590,11.04970,0.12350
2,669,-0.28610,11.05650,0.12350
2,670,-0.28620,11.06330,0.12351
2,671,-0.28640,11.07020,0.12351
2,672,-0.28650,11.07700,0.12352
2,673,-0.28660,11.08380,0.12352
2,674,-0.28680,11.09060,0.12353
2,675,-0.28690,11.09750,0.12353
2,676,-0.28710,11.10430,0.12354
2,677,-0.28720,11.11110,0.12355
2,678,-0.28740,11.11800,0.12355
2,679,-0.28750,11.12480,0.12356
2,680,-0.28760,11.13160,0.12356
2,681,-0.28780,11.13840,0.12357
2,682,-0.28790,11.14530,0.12358
2,683,-0.28810,11.15210,0.12358
2,684,-0.28820,11.15890,0.12359
2,685,-0.28830,11.16580,0.12359
2,686,-0.28850,11.17260,0.12360
2,687,-0.28860,11.17950,0.12361
2,688,-0.28870,11.18630,0.12361
2,689,-0.28890,11.19310,0.12362
2,690,-0.28900,11.20000,0.12362
2,691,-0.28910,11.20680,0.12363
2,692,-0.28930,11.21370,0.12364
2,693,-0.28940,11.22050,0.12364
2,694,-0.28950,11.22730,0.12365
2,695,-0.28970,11.23420,0.12366
2,696,-0.28980,11.24100,0.12366
2,697,-0.28990,11.24790,0.12367
2,698,-0.29010,11.25470,0.12367
2,699,-0.29020,11.26160,0.12368
2,700,-0.29030,11.26840,0.12369
2,701,-0.29050,11.27530,0.12369
2,702,-0.29060,11.28210,0.12370
2,703,-0.29070,11.28890,0.12371
2,704,-0.29090,11.29580,0.12371
2,705,-0.29100,11.30260,0.12372
2,706,-0.29110,11.30950,0.12373
2,707,-0.29120,11.31630,0.12373
2,708,-0.29140,11.32320,0.12374
2,709,-0.29150,11.33000,0.12375
2,710,-0.29160,11.33690,0.12375
2,711,-0.29170,11.34380,0.12376
2,712,-0.29190,11.35060,0.12377
2,713,-0.29200,11.35750,0.12377
2,714,-0.29210,11.36430,0.12378
2,715,-0.29220,11.37120,0.12379
2,716,-0.29240,11.37800,0.12379
2,717,-0.29250,11.38490,0.12380
2,718,-0.29260,11.39170,0.12381
2,719,-0.29270,11.39860,0.12382
2,720,-0.29280,11.40550,0.12382
2,721,-0.29300,11.41230,0.12383
2,722,-0.29310,11.41920,0.12384
2,723,-0.29320,11.42600,0.12384
2,724,-0.29330,11.43290,0.12385
2,725,-0.29340,11.43970,0.12386
2,726,-0.29360,11.44660,0.12387
2,727,-0.29370,11.45350,0.12387
2,728,-0.29380,11.46030,0.12388
2,729,-0.29390,11.46720,0.12389
2,730,-0.29400,11.47410,0.12389
2,731,-0.29420,11.48090,0.12390
2,732,-0.29430,11.48780,0.12391
2,733,-0.29440,11.49460,0.12392
2,734,-0.29450,11.50150,0.12392
2,735,-0.29460,11.50840,0.12393
2,736,-0.29470,11.51520,0.12394
2,737,-0.29480,11.52210,0.12395
2,738,-0.29500,11.52900,0.12395
2,739,-0.29510,11.53580,0.12396
2,740,-0.29520,11.54270,0.12397
2,741,-0.29530,11.54960,0.12398
2,742,-0.29540,11.55640,0.12399
2,743,-0.29550,11.56330,0.12399
2,744,-0.29560,11.57020,0.12400
2,745,-0.29570,11.57700,0.12401
2,746,-0.29590,11.58390,0.12402
2,747,-0.29600,11.59070,0.12402
2,748,-0.29610,11.59760,0.12403
2,749,-0.29620,11.60450,0.12404
2,750,-0.29630,11.61130,0.12405
2,751,-0.29640,11.61820,0.12406
2,752,-0.29650,11.62510,0.12406
2,753,-0.29660,11.63190,0.12407
2,754,-0.29670,11.63880,0.12408
2,755,-0.29680,11.64560,0.12409
2,756,-0.29690,11.65250,0.12410
2,757,-0.29700,11.65940,0.12410
2,758,-0.29720,11.66620,0.12411
2,759,-0.29730,11.67310,0.12412
2,760,-0.29740,11.67990,0.12413
2,761,-0.29750,11.68680,0.12414
2,762,-0.29760,11.69370,0.12415
2,763,-0.29770,11.70050,0.12415
2,764,-0.29780,11.70740,0.12416
2,765,-0.29790,11.71420,0.12417
2,766,-0.29800,11.72110,0.12418
2,767,-0.29810,11.72790,0.12419
2,768,-0.29820,11.73480,0.12420
2,769,-0.29830,11.74160,0.12421
2,770,-0.29840,11.74850,0.12421
2,771,-0.29850,11.75530,0.12422
2,772,-0.29860,11.76220,0.12423
2,773,-0.29870,11.76900,0.12424
2,774,-0.29880,11.77590,0.12425
2,775,-0.29890,11.78270,0.12426
2,776,-0.29900,11.78960,0.12427
2,777,-0.29910,11.79640,0.12428
2,778,-0.29920,11.80330,0.12429
2,779,-0.29930,11.81010,0.12429
2,780,-0.29940,11.81700,0.12430
2,781,-0.29950,11.82380,0.12431
2,782,-0.29960,11.83070,0.12432
2,783,-0.29970,11.83750,0.12433
2,784,-0.29980,11.84430,0.12434
2,785,-0.29990,11.85120,0.12435
2,786,-0.30000,11.85800,0.12436
2,787,-0.30010,11.86480,0.12437
2,788,-0.30020,11.87170,0.12438
2,789,-0.30030,11.87850,0.12439
2,790,-0.30040,11.88530,0.12440
2,791,-0.30050,11.89220,0.12441
2,792,-0.30060,11.89900,0.12441
2,793,-0.30070,11.90580,0.12442
2,794,-0.30070,11.91260,0.12443
2,795,-0.30080,11.91940,0.12444
2,796,-0.30090,11.92630,0.12445
2,797,-0.30100,11.93310,0.12446
2,798,-0.30110,11.93990,0.12447
2,799,-0.30120,11.94670,0.12448
2,800,-0.30130,11.95350,0.12449
2,801,-0.30140,11.96030,0.12450
2,802,-0.30150,11.96710,0.12451
2,803,-0.30160,11.97390,0.12452
2,804,-0.30170,11.98080,0.12453
2,805,-0.30180,11.98760,0.12454
2,806,-0.30190,11.99440,0.12455
2,807,-0.30190,12.00110,0.12456
2,808,-0.30200,12.00790,0.12457
2,809,-0.30210,12.01470,0.12458
2,810,-0.30220,12.02150,0.12459
2,811,-0.30230,12.02830,0.12460
2,812,-0.30240,12.03510,0.12461
2,813,-0.30250,12.04190,0.12462
2,814,-0.30260,12.04870,0.12463
2,815,-0.30270,12.05540,0.12465
2,816,-0.30270,12.06220,0.12466
2,817,-0.30280,12.06900,0.12467
2,818,-0.30290,12.07580,0.12468
2,819,-0.30300,12.08250,0.12469
2,820,-0.30310,12.08930,0.12470
2,821,-0.30320,12.09610,0.12471
2,822,-0.30330,12.10280,0.12472
2,823,-0.30330,12.10960,0.12473
2,824,-0.30340,12.11630,0.12474
2,825,-0.30350,12.12310,0.12475
2,826,-0.30360,12.12980,0.12476
2,827,-0.30370,12.13660,0.12477
2,828,-0.30380,12.14330,0.12479
2,829,-0.30390,12.15000,0.12480
2,830,-0.30390,12.15680,0.12481
2,831,-0.30400,12.16350,0.12482
2,832,-0.30410,12.17020,0.12483
2,833,-0.30420,12.17700,0.12484
2,834,-0.30430,12.18370,0.12485
2,835,-0.30440,12.19040,0.12486
2,836,-0.30440,12.19710,0.12487
2,837,-0.30450,12.20390,0.12489
2,838,-0.30460,12.21060,0.12490
2,839,-0.30470,12.21730,0.12491
2,840,-0.30480,12.22400,0.12492
2,841,-0.30480,12.23070,0.12493
2,842,-0.30490,12.23740,0.12494
2,843,-0.30500,12.24410,0.12495
2,844,-0.30510,12.25080,0.12497
2,845,-0.30520,12.25750,0.12498
2,846,-0.30520,12.26420,0.12499
2,847,-0.30530,12.27090,0.12500
2,848,-0.30540,12.27750,0.12501
2,849,-0.30550,12.28420,0.12503
2,850,-0.30560,12.29090,0.12504
2,851,-0.30560,12.29760,0.12505
2,852,-0.30570,12.30420,0.12506
2,853,-0.30580,12.31090,0.12507
2,854,-0.30590,12.31760,0.12509
2,855,-0.30590,12.32420,0.12510
2,856,-0.30600,12.33090,0.12511
2,857,-0.30610,12.33750,0.12512
2,858,-0.30620,12.34420,0.12513
2,859,-0.30630,12.35080,0.12515
2,860,-0.30630,12.35750,0.12516
2,861,-0.30640,12.36410,0.12517
2,862,-0.30650,12.37070,0.12518
2,863,-0.30660,12.37740,0.12520
2,864,-0.30660,12.38400,0.12521
2,865,-0.30670,12.39060,0.12522
2,866,-0.30680,12.39730,0.12523
2,867,-0.30690,12.40390,0.12525
2,868,-0.30690,12.41050,0.12526
2,869,-0.30700,12.41710,0.12527
2,870,-0.30710,12.42370,0.12528
2,871,-0.30720,12.43030,0.12530
2,872,-0.30720,12.43690,0.12531
2,873,-0.30730,12.44350,0.12532
2,874,-0.30740,12.45010,0.12533
2,875,-0.30740,12.45670,0.12535
2,876,-0.30750,12.46330,0.12536
2,877,-0.30760,12.46990,0.12537
2,878,-0.30770,12.47650,0.12539
2,879,-0.30770,12.48310,0.12540
2,880,-0.30780,12.48960,0.12541
2,881,-0.30790,12.49620,0.12543
2,882,-0.30800,12.50280,0.12544
2,883,-0.30800,12.50930,0.12545
2,884,-0.30810,12.51590,0.12547
2,885,-0.30820,12.52250,0.12548
2,886,-0.30820,12.52900,0.12549
2,887,-0.30830,12.53560,0.12551
2,888,-0.30840,12.54210,0.12552
2,889,-0.30850,12.54870,0.12553
2,890,-0.30850,12.55520,0.12555
2,891,-0.30860,12.56170,0.12556
2,892,-0.30870,12.56830,0.12557
2,893,-0.30870,12.57480,0.12559
2,894,-0.30880,12.58130,0.12560
2,895,-0.30890,12.58790,0.12561
2,896,-0.30890,12.59440,0.12563
2,897,-0.30900,12.60090,0.12564
2,898,-0.30910,12.60740,0.12566
2,899,-0.30910,12.61390,0.12567
2,900,-0.30920,12.62040,0.12568
2,901,-0.30930,12.62690,0.12570
2,902,-0.30930,12.63340,0.12571
2,903,-0.30940,12.63990,0.12573
2,904,-0.30950,12.64640,0.12574
2,905,-0.30950,12.65290,0.12575
2,906,-0.30960,12.65940,0.12577
2,907,-0.30970,12.66590,0.12578
2,908,-0.30970,12.67230,0.12580
2,909,-0.30980,12.67880,0.12581
2,910,-0.30990,12.68530,0.12583
2,911,-0.30990,12.69180,0.12584
2,912,-0.31000,12.69820,0.12585
2,913,-0.31010,12.70470,0.12587
2,914,-0.31010,12.71110,0.12588
2,915,-0.31020,12.71760,0.12590
2,916,-0.31030,12.72400,0.12591
2,917,-0.31030,12.73050,0.12593
2,918,-0.31040,12.73690,0.12594
2,919,-0.31050,12.74340,0.12596
2,920,-0.31050,12.74980,0.12597
2,921,-0.31060,12.75630,0.12599
2,922,-0.31070,12.76270,0.12600
2,923,-0.31070,12.76910,0.12602
2,924,-0.31080,12.77550,0.12603
2,925,-0.31090,12.78200,0.12605
2,926,-0.31090,12.78840,0.12606
2,927,-0.31100,12.79480,0.12608
2,928,-0.31100,12.80120,0.12609
2,929,-0.31110,12.80760,0.12611
2,930,-0.31120,12.81400,0.12612
2,931,-0.31120,12.82040,0.12614
2,932,-0.31130,12.82680,0.12615
2,933,-0.31140,12.83320,0.12617
2,934,-0.31140,12.83960,0.12618
2,935,-0.31150,12.84600,0.12620
2,936,-0.31160,12.85240,0.12621
2,937,-0.31160,12.85880,0.12623
2,938,-0.31170,12.86510,0.12625
2,939,-0.31170,12.87150,0.12626
2,940,-0.31180,12.87790,0.12628
2,941,-0.31190,12.88430,0.12629
2,942,-0.31190,12.89060,0.12631
2,943,-0.31200,12.89700,0.12632
2,944,-0.31200,12.90330,0.12634
2,945,-0.31210,12.90970,0.12636
2,946,-0.31220,12.91610,0.12637
2,947,-0.31220,12.92240,0.12639
2,948,-0.31230,12.92880,0.12640
2,949,-0.31230,12.93510,0.12642
2,950,-0.31240,12.94150,0.12644
2,951,-0.31250,12.94780,0.12645
2,952,-0.31250,12.95410,0.12647
2,953,-0.31260,12.96050,0.12648
2,954,-0.31260,12.96680,0.12650
2,955,-0.31270,12.97320,0.12652
2,956,-0.31280,12.97950,0.12653
2,957,-0.31280,12.98580,0.12655
2,958,-0.31290,12.99210,0.12656
2,959,-0.31290,12.99850,0.12658
2,960,-0.31300,13.00480,0.12660
2,961,-0.31310,13.01110,0.12661
2,962,-0.31310,13.01740,0.12663
2,963,-0.31320,13.02370,0.12665
2,964,-0.31320,13.03000,0.12666
2,965,-0.31330,13.03630,0.12668
2,966,-0.31340,13.04270,0.12670
2,967,-0.31340,13.04900,0.12671
2,968,-0.31350,13.05530,0.12673
2,969,-0.31350,13.06160,0.12675
2,970,-0.31360,13.06790,0.12676
2,971,-0.31360,13.07420,0.12678
2,972,-0.31370,13.08040,0.12680
2,973,-0.31380,13.08670,0.12681
2,974,-0.31380,13.09300,0.12683
2,975,-0.31390,13.09930,0.12685
2,976,-0.31390,13.10560,0.12687
2,977,-0.31400,13.11190,0.12688
2,978,-0.31400,13.11820,0.12690
2,979,-0.31410,13.12450,0.12692
2,980,-0.31420,13.13070,0.12693
2,981,-0.31420,13.13700,0.12695
2,982,-0.31430,13.14330,0.12697
2,983,-0.31430,13.14960,0.12699
2,984,-0.31440,13.15580,0.12700
2,985,-0.31440,13.16210,0.12702
2,986,-0.31450,13.16840,0.12704
2,987,-0.31450,13.17460,0.12706
2,988,-0.31460,13.18090,0.12707
2,989,-0.31470,13.18720,0.12709
2,990,-0.31470,13.19340,0.12711
2,991,-0.31480,13.19970,0.12713
2,992,-0.31480,13.20590,0.12714
2,993,-0.31490,13.21220,0.12716
2,994,-0.31490,13.21850,0.12718
2,995,-0.31500,13.22470,0.12720
2,996,-0.31500,13.23100,0.12721
2,997,-0.31510,13.23720,0.12723
2,998,-0.31520,13.24350,0.12725
2,999,-0.31520,13.24970,0.12727
2,1000,-0.31530,13.25600,0.12729
2,1001,-0.31530,13.26220,0.12730
2,1002,-0.31540,13.26840,0.12732
2,1003,-0.31540,13.27470,0.12734
2,1004,-0.31550,13.28090,0.12736
2,1005,-0.31550,13.28720,0.12738
2,1006,-0.31560,13.29340,0.12739
2,1007,-0.31560,13.29960,0.12741
2,1008,-0.31570,13.30590,0.12743
2,1009,-0.31580,13.31210,0.12745
2,1010,-0.31580,13.31830,0.12747
2,1011,-0.31590,13.32460,0.12749
2,1012,-0.31590,13.33080,0.12750
2,1013,-0.31600,13.33700,0.12752
2,1014,-0.31600,13.34330,0.12754
2,1015,-0.31610,13.34950,0.12756
2,1016,-0.31610,13.35570,0.12758
2,1017,-0.31620,13.36190,0.12760
2,1018,-0.31620,13.36820,0.12762
2,1019,-0.31630,13.37440,0.12763
2,1020,-0.31630,13.38060,0.12765
2,1021,-0.31640,13.38680,0.12767
2,1022,-0.31640,13.39310,0.12769
2,1023,-0.31650,13.39930,0.12771
2,1024,-0.31650,13.40550,0.12773
2,1025,-0.31660,13.41170,0.12775
2,1026,-0.31670,13.41790,0.12777
2,1027,-0.31670,13.42420,0.12779
2,1028,-0.31680,13.43040,0.12781
2,1029,-0.31680,13.43660,0.12782
2,1030,-0.31690,13.44280,0.12784
2,1031,-0.31690,13.44900,0.12786
2,1032,-0.31700,13.45520,0.12788
2,1033,-0.31700,13.46140,0.12790
2,1034,-0.31710,13.46770,0.12792
2,1035,-0.31710,13.47390,0.12794
2,1036,-0.31720,13.48010,0.12796
2,1037,-0.31720,13.48630,0.12798
2,1038,-0.31730,13.49250,0.12800
2,1039,-0.31730,13.49870,0.12802
2,1040,-0.31740,13.50490,0.12804
2,1041,-0.31740,13.51110,0.12806
2,1042,-0.31750,13.51730,0.12808
2,1043,-0.31750,13.52350,0.12810
2,1044,-0.31760,13.52970,0.12812
2,1045,-0.31760,13.53590,0.12814
2,1046,-0.31770,13.54210,0.12816
2,1047,-0.31770,13.54830,0.12818
2,1048,-0.31780,13.55450,0.12819
2,1049,-0.31780,13.56070,0.12821
2,1050,-0.31790,13.56690,0.12823
2,1051,-0.31790,13.57310,0.12825
2,1052,-0.31800,13.57930,0.12827
2,1053,-0.31800,13.58550,0.12829
2,1054,-0.31810,13.59170,0.12832
2,1055,-0.31810,13.59790,0.12834
2,1056,-0.31820,13.60410,0.12836
2,1057,-0.31820,13.61030,0.12838
2,1058,-0.31830,13.61650,0.12840
2,1059,-0.31830,13.62270,0.12842
2,1060,-0.31840,13.62890,0.12844
2,1061,-0.31840,13.63510,0.12846
2,1062,-0.31850,13.64130,0.12848
2,1063,-0.31850,13.64750,0.12850
2,1064,-0.31860,13.65370,0.12852
2,1065,-0.31860,13.65990,0.12854
2,1066,-0.31870,13.66610,0.12856
2,1067,-0.31870,13.67230,0.12858
2,1068,-0.31880,13.67850,0.12860
2,1069,-0.31880,13.68470,0.12862
2,1070,-0.31890,13.69090,0.12864
2,1071,-0.31890,13.69710,0.12866
2,1072,-0.31900,13.70330,0.12868
2,1073,-0.31900,13.70950,0.12871
2,1074,-0.31910,13.71570,0.12873
2,1075,-0.31910,13.72180,0.12875
2,1076,-0.31920,13.72800,0.12877
2,1077,-0.31920,13.73420,0.12879
2,1078,-0.31930,13.74040,0.12881
2,1079,-0.31930,13.74660,0.12883
2,1080,-0.31940,13.75280,0.12885
2,1081,-0.31940,13.75900,0.12887
2,1082,-0.31950,13.76520,0.12890
2,1083,-0.31950,13.77140,0.12892
2,1084,-0.31960,13.77760,0.12894
2,1085,-0.31960,13.78380,0.12896
2,1086,-0.31970,13.78990,0.12898
2,1087,-0.31970,13.79610,0.12900
2,1088,-0.31980,13.80230,0.12902
2,1089,-0.31980,13.80850,0.12905
2,1090,-0.31980,13.81470,0.12907
2,1091,-0.31990,13.82090,0.12909
2,1092,-0.31990,13.82710,0.12911
2,1093,-0.32000,13.83330,0.12913
2,1094,-0.32000,13.83950,0.12915
2,1095,-0.32010,13.84560,0.12918
2,1096,-0.32010,13.85180,0.12920
2,1097,-0.32020,13.85800,0.12922
2,1098,-0.32020,13.86420,0.12924
2,1099,-0.32030,13.87040,0.12926
2,1100,-0.32030,13.87660,0.12929
2,1101,-0.32040,13.88280,0.12931
2,1102,-0.32040,13.88890,0.12933
2,1103,-0.32050,13.89510,0.12935
2,1104,-0.32050,13.90130,0.12937
2,1105,-0.32060,13.90750,0.12940
2,1106,-0.32060,13.91370,0.12942
2,1107,-0.32070,13.91990,0.12944
2,1108,-0.32070,13.92610,0.12946
2,1109,-0.32080,13.93220,0.12948
2,1110,-0.32080,13.93840,0.12951
2,1111,-0.32080,13.94460,0.12953
2,1112,-0.32090,13.95080,0.12955
2,1113,-0.32090,13.95700,0.12957
2,1114,-0.32100,13.96320,0.12960
2,1115,-0.32100,13.96930,0.12962
2,1116,-0.32110,13.97550,0.12964
2,1117,-0.32110,13.98170,0.12967
2,1118,-0.32120,13.98790,0.12969
2,1119,-0.32120,13.99410,0.12971
2,1120,-0.32130,14.00030,0.12973
2,1121,-0.32130,14.00640,0.12976
2,1122,-0.32140,14.01260,0.12978
2,1123,-0.32140,14.01880,0.12980
2,1124,-0.32150,14.02500,0.12982
2,1125,-0.32150,14.03120,0.12985
2,1126,-0.32160,14.03730,0.12987
2,1127,-0.32160,14.04350,0.12989
2,1128,-0.32160,14.04970,0.12992
2,1129,-0.32170,14.05590,0.12994
2,1130,-0.32170,14.06210,0.12996
2,1131,-0.32180,14.06820,0.12999
2,1132,-0.32180,14.07440,0.13001
2,1133,-0.32190,14.08060,0.13003
2,1134,-0.32190,14.08680,0.13006
2,1135,-0.32200,14.09300,0.13008
2,1136,-0.32200,14.09910,0.13010
2,1137,-0.32210,14.10530,0.13013
2,1138,-0.32210,14.11150,0.13015
2,1139,-0.32220,14.11770,0.13017
2,1140,-0.32220,14.12380,0.13020
2,1141,-0.32220,14.13000,0.13022
2,1142,-0.32230,14.13620,0.13024
2,1143,-0.32230,14.14240,0.13027
2,1144,-0.32240,14.14850,0.13029
2,1145,-0.32240,14.15470,0.13032
2,1146,-0.32250,14.16090,0.13034
2,1147,-0.32250,14.16710,0.13036
2,1148,-0.32260,14.17320,0.13039
2,1149,-0.32260,14.17940,0.13041
2,1150,-0.32270,14.18560,0.13043
2,1151,-0.32270,14.19170,0.13046
2,1152,-0.32270,14.19790,0.13048
2,1153,-0.32280,14.20410,0.13051
2,1154,-0.32280,14.21030,0.13053
2,1155,-0.32290,14.21640,0.13055
2,1156,-0.32290,14.22260,0.13058
2,1157,-0.32300,14.22880,0.13060
2,1158,-0.32300,14.23490,0.13063
2,1159,-0.32310,14.24110,0.13065
2,1160,-0.32310,14.24730,0.13068
2,1161,-0.32320,14.25340,0.13070
2,1162,-0.32320,14.25960,0.13072
2,1163,-0.32320,14.26580,0.13075
2,1164,-0.32330,14.27190,0.13077
2,1165,-0.32330,14.27810,0.13080
2,1166,-0.32340,14.28430,0.13082
2,1167,-0.32340,14.29040,0.13085
2,1168,-0.32350,14.29660,0.13087
2,1169,-0.32350,14.30280,0.13090
2,1170,-0.32360,14.30890,0.13092
2,1171,-0.32360,14.31510,0.13095
2,1172,-0.32370,14.32130,0.13097
2,1173,-0.32370,14.32740,0.13099
2,1174,-0.32370,14.33360,0.13102
2,1175,-0.32380,14.33970,0.13104
2,1176,-0.32380,14.34590,0.13107
2,1177,-0.32390,14.35210,0.13109
2,1178,-0.32390,14.35820,0.13112
2,1179,-0.32400,14.36440,0.13114
2,1180,-0.32400,14.37050,0.13117
2,1181,-0.32410,14.37670,0.13119
2,1182,-0.32410,14.38290,0.13122
2,1183,-0.32410,14.38900,0.13124
2,1184,-0.32420,14.39520,0.13127
2,1185,-0.32420,14.40130,0.13129
2,1186,-0.32430,14.40750,0.13132
2,1187,-0.32430,14.41360,0.13134
2,1188,-0.32440,14.41980,0.13137
2,1189,-0.32440,14.42590,0.13140
2,1190,-0.32450,14.43210,0.13142
2,1191,-0.32450,14.43820,0.13145
2,1192,-0.32450,14.44440,0.13147
2,1193,-0.32460,14.45050,0.13150
2,1194,-0.32460,14.45670,0.13152
2,1195,-0.32470,14.46280,0.13155
2,1196,-0.32470,14.46900,0.13157
2,1197,-0.32480,14.47510,0.13160
2,1198,-0.32480,14.48130,0.13162
2,1199,-0.32490,14.48740,0.13165
2,1200,-0.32490,14.49360,0.13167
2,1201,-0.32490,14.49970,0.13170
2,1202,-0.32500,14.50590,0.13173
2,1203,-0.32500,14.51200,0.13175
2,1204,-0.32510,14.51810,0.13178
2,1205,-0.32510,14.52430,0.13180
2,1206,-0.32520,14.53040,0.13183
2,1207,-0.32520,14.53660,0.13185
2,1208,-0.32530,14.54270,0.13188
2,1209,-0.32530,14.54880,0.13191
2,1210,-0.32530,14.55500,0.13193
2,1211,-0.32540,14.56110,0.13196
2,1212,-0.32540,14.56730,0.13198
2,1213,-0.32550,14.57340,0.13201
2,1214,-0.32550,14.57950,0.13204
2,1215,-0.32560,14.58570,0.13206
2,1216,-0.32560,14.59180,0.13209
2,1217,-0.32570,14.59790,0.13211
2,1218,-0.32570,14.60410,0.13214
2,1219,-0.32570,14.61020,0.13217
2,1220,-0.32580,14.61630,0.13219
2,1221,-0.32580,14.62250,0.13222
2,1222,-0.32590,14.62860,0.13225
2,1223,-0.32590,14.63470,0.13227
2,1224,-0.32600,14.64080,0.13230
2,1225,-0.32600,14.64700,0.13232
2,1226,-0.32610,14.65310,0.13235
2,1227,-0.32610,14.65920,0.13238
2,1228,-0.32610,14.66530,0.13240
2,1229,-0.32620,14.67150,0.13243
2,1230,-0.32620,14.67760,0.13246
2,1231,-0.32630,14.68370,0.13248
2,1232,-0.32630,14.68980,0.13251
2,1233,-0.32640,14.69600,0.13254
2,1234,-0.32640,14.70210,0.13256
2,1235,-0.32640,14.70820,0.13259
2,1236,-0.32650,14.71430,0.13262
2,1237,-0.32650,14.72040,0.13264
2,1238,-0.32660,14.72650,0.13267
2,1239,-0.32660,14.73270,0.13269
2,1240,-0.32670,14.73880,0.13272
2,1241,-0.32670,14.74490,0.13275
2,1242,-0.32680,14.75100,0.13278
2,1243,-0.32680,14.75710,0.13280
2,1244,-0.32680,14.76320,0.13283
2,1245,-0.32690,14.76930,0.13286
2,1246,-0.32690,14.77540,0.13288
2,1247,-0.32700,14.78160,0.13291
2,1248,-0.32700,14.78770,0.13294
2,1249,-0.32710,14.79380,0.13296
2,1250,-0.32710,14.79990,0.13299
2,1251,-0.32710,14.80600,0.13302
2,1252,-0.32720,14.81210,0.13304
2,1253,-0.32720,14.81820,0.13307
2,1254,-0.32730,14.82430,0.13310
2,1255,-0.32730,14.83040,0.13312
2,1256,-0.32740,14.83650,0.13315
2,1257,-0.32740,14.84260,0.13318
2,1258,-0.32740,14.84870,0.13321
2,1259,-0.32750,14.85480,0.13323
2,1260,-0.32750,14.86090,0.13326
2,1261,-0.32760,14.86700,0.13329
2,1262,-0.32760,14.87310,0.13331
2,1263,-0.32770,14.87920,0.13334
2,1264,-0.32770,14.88530,0.13337
2,1265,-0.32780,14.89130,0.13339
2,1266,-0.32780,14.89740,0.13342
2,1267,-0.32780,14.90350,0.13345
2,1268,-0.32790,14.90960,0.13348
2,1269,-0.32790,14.91570,0.13350
2,1270,-0.32800,14.92180,0.13353
2,1271,-0.32800,14.92790,0.13356
2,1272,-0.32810,14.93400,0.13359
2,1273,-0.32810,14.94000,0.13361
2,1274,-0.32810,14.94610,0.13364
2,1275,-0.32820,14.95220,0.13367
2,1276,-0.32820,14.95830,0.13369
2,1277,-0.32830,14.96440,0.13372
2,1278,-0.32830,14.97040,0.13375
2,1279,-0.32840,14.97650,0.13378
2,1280,-0.32840,14.98260,0.13380
2,1281,-0.32840,14.98870,0.13383
2,1282,-0.32850,14.99480,0.13386
2,1283,-0.32850,15.00080,0.13389
2,1284,-0.32860,15.00690,0.13391
2,1285,-0.32860,15.01300,0.13394
2,1286,-0.32870,15.01900,0.13397
2,1287,-0.32870,15.02510,0.13400
2,1288,-0.32870,15.03120,0.13402
2,1289,-0.32880,15.03730,0.13405
2,1290,-0.32880,15.04330,0.13408
2,1291,-0.32890,15.04940,0.13411
2,1292,-0.32890,15.05550,0.13413
2,1293,-0.32900,15.06150,0.13416
2,1294,-0.32900,15.06760,0.13419
2,1295,-0.32900,15.07360,0.13422
2,1296,-0.32910,15.07970,0.13425
2,1297,-0.32910,15.08580,0.13427
2,1298,-0.32920,15.09180,0.13430
2,1299,-0.32920,15.09790,0.13433
2,1300,-0.32930,15.10390,0.13436
2,1301,-0.32930,15.11000,0.13438
2,1302,-0.32930,15.11610,0.13441
2,1303,-0.32940,15.12210,0.13444
2,1304,-0.32940,15.12820,0.13447
2,1305,-0.32950,15.13420,0.13449
2,1306,-0.32950,15.14030,0.13452
2,1307,-0.32960,15.14630,0.13455
2,1308,-0.32960,15.15240,0.13458
2,1309,-0.32960,15.15840,0.13461
2,1310,-0.32970,15.16450,0.13463
2,1311,-0.32970,15.17050,0.13466
2,1312,-0.32980,15.17660,0.13469
2,1313,-0.32980,15.18260,0.13472
2,1314,-0.32990,15.18870,0.13474
2,1315,-0.32990,15.19470,0.13477
2,1316,-0.32990,15.20080,0.13480
2,1317,-0.33000,15.20680,0.13483
2,1318,-0.33000,15.21280,0.13486
2,1319,-0.33010,15.21890,0.13488
2,1320,-0.33010,15.22490,0.13491
2,1321,-0.33020,15.23100,0.13494
2,1322,-0.33020,15.23700,0.13497
2,1323,-0.33020,15.24300,0.13500
2,1324,-0.33030,15.24910,0.13502
2,1325,-0.33030,15.25510,0.13505
2,1326,-0.33040,15.26110,0.13508
2,1327,-0.33040,15.26720,0.13511
2,1328,-0.33050,15.27320,0.13514
2,1329,-0.33050,15.27920,0.13516
2,1330,-0.33050,15.28530,0.13519
2,1331,-0.33060,15.29130,0.13522
2,1332,-0.33060,15.29730,0.13525
2,1333,-0.33070,15.30340,0.13527
2,1334,-0.33070,15.30940,0.13530
2,1335,-0.33080,15.31540,0.13533
2,1336,-0.33080,15.32140,0.13536
2,1337,-0.33080,15.32750,0.13539
2,1338,-0.33090,15.33350,0.13541
2,1339,-0.33090,15.33950,0.13544
2,1340,-0.33100,15.34550,0.13547
2,1341,-0.33100,15.35160,0.13550
2,1342,-0.33110,15.35760,0.13553
2,1343,-0.33110,15.36360,0.13555
2,1344,-0.33110,15.36960,0.13558
2,1345,-0.33120,15.37560,0.13561
2,1346,-0.33120,15.38170,0.13564
2,1347,-0.33130,15.38770,0.13567
2,1348,-0.33130,15.39370,0.13569
2,1349,-0.33140,15.39970,0.13572
2,1350,-0.33140,15.40570,0.13575
2,1351,-0.33140,15.41170,0.13578
2,1352,-0.33150,15.41780,0.13581
2,1353,-0.33150,15.42380,0.13584
2,1354,-0.33160,15.42980,0.13586
2,1355,-0.33160,15.43580,0.13589
2,1356,-0.33170,15.44180,0.13592
2,1357,-0.33170,15.44780,0.13595
2,1358,-0.33170,15.45380,0.13598
2,1359,-0.33180,15.45980,0.13600
2,1360,-0.33180,15.46580,0.13603
2,1361,-0.33190,15.47190,0.13606
2,1362,-0.33190,15.47790,0.13609
2,1363,-0.33200,15.48390,0.13612
2,1364,-0.33200,15.48990,0.13614
2,1365,-0.33200,15.49590,0.13617
2,1366,-0.33210,15.50190,0.13620
2,1367,-0.33210,15.50790,0.13623
2,1368,-0.33220,15.51390,0.13626
2,1369,-0.33220,15.51990,0.13628
2,1370,-0.33220,15.52590,0.13631
2,1371,-0.33230,15.53190,0.13634
2,1372,-0.33230,15.53790,0.13637
2,1373,-0.33240,15.54390,0.13640
2,1374,-0.33240,15.54990,0.13642
2,1375,-0.33250,15.55590,0.13645
2,1376,-0.33250,15.56190,0.13648
2,1377,-0.33250,15.56790,0.13651
2,1378,-0.33260,15.57390,0.13654
2,1379,-0.33260,15.57990,0.13656
2,1380,-0.33270,15.58590,0.13659
2,1381,-0.33270,15.59180,0.13662
2,1382,-0.33280,15.59780,0.13665
2,1383,-0.33280,15.60380,0.13668
2,1384,-0.33280,15.60980,0.13670
2,1385,-0.33290,15.61580,0.13673
2,1386,-0.33290,15.62180,0.13676
2,1387,-0.33300,15.62780,0.13679
2,1388,-0.33300,15.63380,0.13682
2,1389,-0.33310,15.63980,0.13684
2,1390,-0.33310,15.64580,0.13687
2,1391,-0.33310,15.65170,0.13690
2,1392,-0.33320,15.65770,0.13693
2,1393,-0.33320,15.66370,0.13696
2,1394,-0.33330,15.66970,0.13698
2,1395,-0.33330,15.67570,0.13701
2,1396,-0.33340,15.68170,0.13704
2,1397,-0.33340,15.68770,0.13707
2,1398,-0.33340,15.69360,0.13710
2,1399,-0.33350,15.69960,0.13712
2,1400,-0.33350,15.70560,0.13715
2,1401,-0.33360,15.71160,0.13718
2,1402,-0.33360,15.71760,0.13721
2,1403,-0.33370,15.72360,0.13724
2,1404,-0.33370,15.72950,0.13726
2,1405,-0.33370,15.73550,0.13729
2,1406,-0.33380,15.74150,0.13732
2,1407,-0.33380,15.74750,0.13735
2,1408,-0.33390,15.75340,0.13737
2,1409,-0.33390,15.75940,0.13740
2,1410,-0.33390,15.76540,0.13743
2,1411,-0.33400,15.77140,0.13746
2,1412,-0.33400,15.77740,0.13749
2,1413,-0.33410,15.78330,0.13751
2,1414,-0.33410,15.78930,0.13754
2,1415,-0.33420,15.79530,0.13757
2,1416,-0.33420,15.80130,0.13760
2,1417,-0.33420,15.80720,0.13763
2,1418,-0.33430,15.81320,0.13765
2,1419,-0.33430,15.81920,0.13768
2,1420,-0.33440,15.82520,0.13771
2,1421,-0.33440,15.83110,0.13774
2,1422,-0.33450,15.83710,0.13776
2,1423,-0.33450,15.84310,0.13779
2,1424,-0.33450,15.84900,0.13782
2,1425,-0.33460,15.85500,0.13785
2,1426,-0.33460,15.86100,0.13788
2,1427,-0.33470,15.86690,0.13790
2,1428,-0.33470,15.87290,0.13793
2,1429,-0.33480,15.87890,0.13796
2,1430,-0.33480,15.88490,0.13799
2,1431,-0.33480,15.89080,0.13801
2,1432,-0.33490,15.89680,0.13804
2,1433,-0.33490,15.90280,0.13807
2,1434,-0.33500,15.90870,0.13810
2,1435,-0.33500,15.91470,0.13813
2,1436,-0.33510,15.92070,0.13815
2,1437,-0.33510,15.92660,0.13818
2,1438,-0.33510,15.93260,0.13821
2,1439,-0.33520,15.93860,0.13824
2,1440,-0.33520,15.94450,0.13826
2,1441,-0.33530,15.95050,0.13829
2,1442,-0.33530,15.95650,0.13832
2,1443,-0.33540,15.96240,0.13835
2,1444,-0.33540,15.96840,0.13838
2,1445,-0.33540,15.97440,0.13840
2,1446,-0.33550,15.98030,0.13843
2,1447,-0.33550,15.98630,0.13846
2,1448,-0.33560,15.99220,0.13849
2,1449,-0.33560,15.99820,0.13851
2,1450,-0.33570,16.00420,0.13854
2,1451,-0.33570,16.01010,0.13857
2,1452,-0.33570,16.01610,0.13860
2,1453,-0.33580,16.02210,0.13862
2,1454,-0.33580,16.02800,0.13865
2,1455,-0.33590,16.03400,0.13868
2,1456,-0.33590,16.03990,0.13871
2,1457,-0.33590,16.04590,0.13873
2,1458,-0.33600,16.05190,0.13876
2,1459,-0.33600,16.05780,0.13879
2,1460,-0.33610,16.06380,0.13882
2,1461,-0.33610,16.06970,0.13884
2,1462,-0.33620,16.07570,0.13887
2,1463,-0.33620,16.08170,0.13890
2,1464,-0.33620,16.08760,0.13893
2,1465,-0.33630,16.09360,0.13895
2,1466,-0.33630,16.09950,0.13898
2,1467,-0.33640,16.10550,0.13901
2,1468,-0.33640,16.11150,0.13904
2,1469,-0.33650,16.11740,0.13907
2,1470,-0.33650,16.12340,0.13909
2,1471,-0.33650,16.12930,0.13912
2,1472,-0.33660,16.13530,0.13915
2,1473,-0.33660,16.14130,0.13918
2,1474,-0.33670,16.14720,0.13920
2,1475,-0.33670,16.15320,0.13923
2,1476,-0.33680,16.15910,0.13926
2,1477,-0.33680,16.16510,0.13928
2,1478,-0.33680,16.17100,0.13931
2,1479,-0.33690,16.17700,0.13934
2,1480,-0.33690,16.18290,0.13937
2,1481,-0.33700,16.18890,0.13939
2,1482,-0.33700,16.19490,0.13942
2,1483,-0.33710,16.20080,0.13945
2,1484,-0.33710,16.20680,0.13948
2,1485,-0.33710,16.21270,0.13950
2,1486,-0.33720,16.21870,0.13953
2,1487,-0.33720,16.22460,0.13956
2,1488,-0.33730,16.23060,0.13959
2,1489,-0.33730,16.23650,0.13961
2,1490,-0.33740,16.24250,0.13964
2,1491,-0.33740,16.24850,0.13967
2,1492,-0.33740,16.25440,0.13970
2,1493,-0.33750,16.26040,0.13972
2,1494,-0.33750,16.26630,0.13975
2,1495,-0.33760,16.27230,0.13978
2,1496,-0.33760,16.27820,0.13980
2,1497,-0.33770,16.28420,0.13983
2,1498,-0.33770,16.29010,0.13986
2,1499,-0.33770,16.29610,0.13989
2,1500,-0.33780,16.30200,0.13991
2,1501,-0.33780,16.30800,0.13994
2,1502,-0.33790,16.31400,0.13997
2,1503,-0.33790,16.31990,0.14000
2,1504,-0.33800,16.32590,0.14002
2,1505,-0.33800,16.33180,0.14005
2,1506,-0.33800,16.33780,0.14008
2,1507,-0.33810,16.34370,0.14010
2,1508,-0.33810,16.34970,0.14013
2,1509,-0.33820,16.35560,0.14016
2,1510,-0.33820,16.36160,0.14019
2,1511,-0.33830,16.36750,0.14021
2,1512,-0.33830,16.37350,0.14024
2,1513,-0.33830,16.37940,0.14027
2,1514,-0.33840,16.38540,0.14029
2,1515,-0.33840,16.39130,0.14032
2,1516,-0.33850,16.39730,0.14035
2,1517,-0.33850,16.40320,0.14038
2,1518,-0.33860,16.40920,0.14040
2,1519,-0.33860,16.41510,0.14043
2,1520,-0.33860,16.42110,0.14046
2,1521,-0.33870,16.42700,0.14048
2,1522,-0.33870,16.43300,0.14051
2,1523,-0.33880,16.43890,0.14054
2,1524,-0.33880,16.44490,0.14056
2,1525,-0.33890,16.45080,0.14059
2,1526,-0.33890,16.45680,0.14062
2,1527,-0.33890,16.46270,0.14065
2,1528,-0.33900,16.46870,0.14067
2,1529,-0.33900,16.47460,0.14070
2,1530,-0.33910,16.48060,0.14073
2,1531,-0.33910,16.48650,0.14075
2,1532,-0.33920,16.49250,0.14078
2,1533,-0.33920,16.49840,0.14081
2,1534,-0.33920,16.50440,0.14083
2,1535,-0.33930,16.51030,0.14086
2,1536,-0.33930,16.51630,0.14089
2,1537,-0.33940,16.52220,0.14091
2,1538,-0.33940,16.52820,0.14094
2,1539,-0.33950,16.53410,0.14097
2,1540,-0.33950,16.54010,0.14100
2,1541,-0.33960,16.54600,0.14102
2,1542,-0.33960,16.55200,0.14105
2,1543,-0.33960,16.55790,0.14108
2,1544,-0.33970,16.56390,0.14110
2,1545,-0.33970,16.56980,0.14113
2,1546,-0.33980,16.57580,0.14116
2,1547,-0.33980,16.58170,0.14118
2,1548,-0.33990,16.58760,0.14121
2,1549,-0.33990,16.59360,0.14124
2,1550,-0.33990,16.59950,0.14126
2,1551,-0.34000,16.60550,0.14129
2,1552,-0.34000,16.61140,0.14132
2,1553,-0.34010,16.61740,0.14134
2,1554,-0.34010,16.62330,0.14137
2,1555,-0.34020,16.62930,0.14140
2,1556,-0.34020,16.63520,0.14142
2,1557,-0.34020,16.64120,0.14145
2,1558,-0.34030,16.64710,0.14148
2,1559,-0.34030,16.65300,0.14150
2,1560,-0.34040,16.65900,0.14153
2,1561,-0.34040,16.66490,0.14156
2,1562,-0.34050,16.67090,0.14158
2,1563,-0.34050,16.67680,0.14161
2,1564,-0.34050,16.68280,0.14164
2,1565,-0.34060,16.68870,0.14166
2,1566,-0.34060,16.69470,0.14169
2,1567,-0.34070,16.70060,0.14172
2,1568,-0.34070,16.70650,0.14174
2,1569,-0.34080,16.71250,0.14177
2,1570,-0.34080,16.71840,0.14179
2,1571,-0.34080,16.72440,0.14182
2,1572,-0.34090,16.73030,0.14185
2,1573,-0.34090,16.73630,0.14187
2,1574,-0.34100,16.74220,0.14190
2,1575,-0.34100,16.74810,0.14193
2,1576,-0.34110,16.75410,0.14195
2,1577,-0.34110,16.76000,0.14198
2,1578,-0.34120,16.76600,0.14201
2,1579,-0.34120,16.77190,0.14203
2,1580,-0.34120,16.77780,0.14206
2,1581,-0.34130,16.78380,0.14209
2,1582,-0.34130,16.78970,0.14211
2,1583,-0.34140,16.79570,0.14214
2,1584,-0.34140,16.80160,0.14216
2,1585,-0.34150,16.80750,0.14219
2,1586,-0.34150,16.81350,0.14222
2,1587,-0.34150,16.81940,0.14224
2,1588,-0.34160,16.82540,0.14227
2,1589,-0.34160,16.83130,0.14230
2,1590,-0.34170,16.83720,0.14232
2,1591,-0.34170,16.84320,0.14235
2,1592,-0.34180,16.84910,0.14237
2,1593,-0.34180,16.85500,0.14240
2,1594,-0.34180,16.86100,0.14243
2,1595,-0.34190,16.86690,0.14245
2,1596,-0.34190,16.87290,0.14248
2,1597,-0.34200,16.87880,0.14251
2,1598,-0.34200,16.88470,0.14253
2,1599,-0.34210,16.89070,0.14256
2,1600,-0.34210,16.89660,0.14258
2,1601,-0.34210,16.90250,0.14261
2,1602,-0.34220,16.90850,0.14264
2,1603,-0.34220,16.91440,0.14266
2,1604,-0.34230,16.92030,0.14269
2,1605,-0.34230,16.92630,0.14271
2,1606,-0.34240,16.93220,0.14274
2,1607,-0.34240,16.93810,0.14277
2,1608,-0.34250,16.94410,0.14279
2,1609,-0.34250,16.95000,0.14282
2,1610,-0.34250,16.95590,0.14284
2,1611,-0.34260,16.96190,0.14287
2,1612,-0.34260,16.96780,0.14290
2,1613,-0.34270,16.97370,0.14292
2,1614,-0.34270,16.97960,0.14295
2,1615,-0.34280,16.98560,0.14297
2,1616,-0.34280,16.99150,0.14300
2,1617,-0.34280,16.99740,0.14303
2,1618,-0.34290,17.00340,0.14305
2,1619,-0.34290,17.00930,0.14308
2,1620,-0.34300,17.01520,0.14310
2,1621,-0.34300,17.02110,0.14313
2,1622,-0.34310,17.02710,0.14315
2,1623,-0.34310,17.03300,0.14318
2,1624,-0.34310,17.03890,0.14321
2,1625,-0.34320,17.04480,0.14323
2,1626,-0.34320,17.05080,0.14326
2,1627,-0.34330,17.05670,0.14328
2,1628,-0.34330,17.06260,0.14331
2,1629,-0.34340,17.06850,0.14334
2,1630,-0.34340,17.07440,0.14336
2,1631,-0.34340,17.08040,0.14339
2,1632,-0.34350,17.08630,0.14341
2,1633,-0.34350,17.09220,0.14344
2,1634,-0.34360,17.09810,0.14346
2,1635,-0.34360,17.10400,0.14349
2,1636,-0.34370,17.11000,0.14352
2,1637,-0.34370,17.11590,0.14354
2,1638,-0.34380,17.12180,0.14357
2,1639,-0.34380,17.12770,0.14359
2,1640,-0.34380,17.13360,0.14362
2,1641,-0.34390,17.13950,0.14364
2,1642,-0.34390,17.14550,0.14367
2,1643,-0.34400,17.15140,0.14369
2,1644,-0.34400,17.15730,0.14372
2,1645,-0.34410,17.16320,0.14375
2,1646,-0.34410,17.16910,0.14377
2,1647,-0.34410,17.17500,0.14380
2,1648,-0.34420,17.18090,0.14382
2,1649,-0.34420,17.18680,0.14385
2,1650,-0.34430,17.19270,0.14387
2,1651,-0.34430,17.19870,0.14390
2,1652,-0.34440,17.20460,0.14392
2,1653,-0.34440,17.21050,0.14395
2,1654,-0.34440,17.21640,0.14398
2,1655,-0.34450,17.22230,0.14400
2,1656,-0.34450,17.22820,0.14403
2,1657,-0.34460,17.23410,0.14405
2,1658,-0.34460,17.24000,0.14408
2,1659,-0.34470,17.24590,0.14410
2,1660,-0.34470,17.25180,0.14413
2,1661,-0.34480,17.25770,0.14415
2,1662,-0.34480,17.26360,0.14418
2,1663,-0.34480,17.26950,0.14420
2,1664,-0.34490,17.27540,0.14423
2,1665,-0.34490,17.28130,0.14426
2,1666,-0.34500,17.28720,0.14428
2,1667,-0.34500,17.29310,0.14431
2,1668,-0.34510,17.29900,0.14433
2,1669,-0.34510,17.30490,0.14436
2,1670,-0.34510,17.31080,0.14438
2,1671,-0.34520,17.31670,0.14441
2,1672,-0.34520,17.32260,0.14443
2,1673,-0.34530,17.32850,0.14446
2,1674,-0.34530,17.33440,0.14448
2,1675,-0.34540,17.34020,0.14451
2,1676,-0.34540,17.34610,0.14453
2,1677,-0.34540,17.35200,0.14456
2,1678,-0.34550,17.35790,0.14458
2,1679,-0.34550,17.36380,0.14461
2,1680,-0.34560,17.36970,0.14463
2,1681,-0.34560,17.37560,0.14466
2,1682,-0.34570,17.38150,0.14468
2,1683,-0.34570,17.38730,0.14471
2,1684,-0.34570,17.39320,0.14473
2,1685,-0.34580,17.39910,0.14476
2,1686,-0.34580,17.40500,0.14479
2,1687,-0.34590,17.41090,0.14481
2,1688,-0.34590,17.41670,0.14484
2,1689,-0.34600,17.42260,0.14486
2,1690,-0.34600,17.42850,0.14489
2,1691,-0.34600,17.43440,0.14491
2,1692,-0.34610,17.44030,0.14494
2,1693,-0.34610,17.44610,0.14496
2,1694,-0.34620,17.45200,0.14499
2,1695,-0.34620,17.45790,0.14501
2,1696,-0.34630,17.46370,0.14504
2,1697,-0.34630,17.46960,0.14506
2,1698,-0.34630,17.47550,0.14509
2,1699,-0.34640,17.48140,0.14511
2,1700,-0.34640,17.48720,0.14514
2,1701,-0.34650,17.49310,0.14516
2,1702,-0.34650,17.49900,0.14519
2,1703,-0.34660,17.50480,0.14521
2,1704,-0.34660,17.51070,0.14524
2,1705,-0.34670,17.51660,0.14526
2,1706,-0.34670,17.52240,0.14529
2,1707,-0.34670,17.52830,0.14531
2,1708,-0.34680,17.53410,0.14534
2,1709,-0.34680,17.54000,0.14536
2,1710,-0.34690,17.54590,0.14539
2,1711,-0.34690,17.55170,0.14541
2,1712,-0.34700,17.55760,0.14544
2,1713,-0.34700,17.56340,0.14546
2,1714,-0.34700,17.56930,0.14549
2,1715,-0.34710,17.57510,0.14551
2,1716,-0.34710,17.58100,0.14553
2,1717,-0.34720,17.58680,0.14556
2,1718,-0.34720,17.59270,0.14558
2,1719,-0.34730,17.59850,0.14561
2,1720,-0.34730,17.60440,0.14563
2,1721,-0.34730,17.61020,0.14566
2,1722,-0.34740,17.61610,0.14568
2,1723,-0.34740,17.62190,0.14571
2,1724,-0.34750,17.62780,0.14573
2,1725,-0.34750,17.63360,0.14576
2,1726,-0.34760,17.63940,0.14578
2,1727,-0.34760,17.64530,0.14581
2,1728,-0.34760,17.65110,0.14583
2,1729,-0.34770,17.65700,0.14586
2,1730,-0.34770,17.66280,0.14588
2,1731,-0.34780,17.66860,0.14591
2,1732,-0.34780,17.67450,0.14593
2,1733,-0.34790,17.68030,0.14596
2,1734,-0.34790,17.68610,0.14598
2,1735,-0.34790,17.69200,0.14600
2,1736,-0.34800,17.69780,0.14603
2,1737,-0.34800,17.70360,0.14605
2,1738,-0.34810,17.70950,0.14608
2,1739,-0.34810,17.71530,0.14610
2,1740,-0.34820,17.72110,0.14613
2,1741,-0.34820,17.72690,0.14615
2,1742,-0.34820,17.73280,0.14618
2,1743,-0.34830,17.73860,0.14620
2,1744,-0.34830,17.74440,0.14623
2,1745,-0.34840,17.75020,0.14625
2,1746,-0.34840,17.75610,0.14628
2,1747,-0.34850,17.76190,0.14630
2,1748,-0.34850,17.76770,0.14632
2,1749,-0.34850,17.77350,0.14635
2,1750,-0.34860,17.77930,0.14637
2,1751,-0.34860,17.78510,0.14640
2,1752,-0.34870,17.79100,0.14642
2,1753,-0.34870,17.79680,0.14645
2,1754,-0.34880,17.80260,0.14647
2,1755,-0.34880,17.80840,0.14650
2,1756,-0.34880,17.81420,0.14652
2,1757,-0.34890,17.82000,0.14654
2,1758,-0.34890,17.82580,0.14657
2,1759,-0.34900,17.83160,0.14659
2,1760,-0.34900,17.83740,0.14662
2,1761,-0.34910,17.84320,0.14664
2,1762,-0.34910,17.84900,0.14667
2,1763,-0.34910,17.85480,0.14669
2,1764,-0.34920,17.86060,0.14672
2,1765,-0.34920,17.86640,0.14674
2,1766,-0.34930,17.87220,0.14676
2,1767,-0.34930,17.87800,0.14679
2,1768,-0.34930,17.88380,0.14681
2,1769,-0.34940,17.88960,0.14684
2,1770,-0.34940,17.89540,0.14686
2,1771,-0.34950,17.90120,0.14689
2,1772,-0.34950,17.90700,0.14691
2,1773,-0.34960,17.91280,0.14693
2,1774,-0.34960,17.91860,0.14696
2,1775,-0.34960,17.92430,0.14698
2,1776,-0.34970,17.93010,0.14701
2,1777,-0.34970,17.93590,0.14703
2,1778,-0.34980,17.94170,0.14706
2,1779,-0.34980,17.94750,0.14708
2,1780,-0.34990,17.95330,0.14710
2,1781,-0.34990,17.95900,0.14713
2,1782,-0.34990,17.96480,0.14715
2,1783,-0.35000,17.97060,0.14718
2,1784,-0.35000,17.97640,0.14720
2,1785,-0.35010,17.98210,0.14722
2,1786,-0.35010,17.98790,0.14725
2,1787,-0.35020,17.99370,0.14727
2,1788,-0.35020,17.99950,0.14730
2,1789,-0.35020,18.00520,0.14732
2,1790,-0.35030,18.01100,0.14735
2,1791,-0.35030,18.01680,0.14737
2,1792,-0.35040,18.02250,0.14739
2,1793,-0.35040,18.02830,0.14742
2,1794,-0.35050,18.03410,0.14744
2,1795,-0.35050,18.03980,0.14747
2,1796,-0.35050,18.04560,0.14749
2,1797,-0.35060,18.05130,0.14751
2,1798,-0.35060,18.05710,0.14754
2,1799,-0.35070,18.06290,0.14756
2,1800,-0.35070,18.06860,0.14759
2,1801,-0.35070,18.07440,0.14761
2,1802,-0.35080,18.08010,0.14763
2,1803,-0.35080,18.08590,0.14766
2,1804,-0.35090,18.09160,0.14768
2,1805,-0.35090,18.09740,0.14771
2,1806,-0.35100,18.10310,0.14773
2,1807,-0.35100,18.10890,0.14775
2,1808,-0.35100,18.11460,0.14778
2,1809,-0.35110,18.12040,0.14780
2,1810,-0.35110,18.12610,0.14783
2,1811,-0.35120,18.13190,0.14785
2,1812,-0.35120,18.13760,0.14787
2,1813,-0.35130,18.14340,0.14790
2,1814,-0.35130,18.14910,0.14792
2,1815,-0.35130,18.15480,0.14794
2,1816,-0.35140,18.16060,0.14797
2,1817,-0.35140,18.16630,0.14799
2,1818,-0.35150,18.17200,0.14802
2,1819,-0.35150,18.17780,0.14804
2,1820,-0.35150,18.18350,0.14806
2,1821,-0.35160,18.18920,0.14809
2,1822,-0.35160,18.19500,0.14811
2,1823,-0.35170,18.20070,0.14814
2,1824,-0.35170,18.20640,0.14816
2,1825,-0.35180,18.21220,0.14818
2,1826,-0.35180,18.21790,0.14821
2,1827,-0.35180,18.22360,0.14823
2,1828,-0.35190,18.22930,0.14825
2,1829,-0.35190,18.23500,0.14828
2,1830,-0.35200,18.24080,0.14830
2,1831,-0.35200,18.24650,0.14833
2,1832,-0.35200,18.25220,0.14835
2,1833,-0.35210,18.25790,0.14837
2,1834,-0.35210,18.26360,0.14840
2,1835,-0.35220,18.26930,0.14842
2,1836,-0.35220,18.27510,0.14844
2,1837,-0.35230,18.28080,0.14847
2,1838,-0.35230,18.28650,0.14849
2,1839,-0.35230,18.29220,0.14852
2,1840,-0.35240,18.29790,0.14854
2,1841,-0.35240,18.30360,0.14856
2,1842,-0.35250,18.30930,0.14859
2,1843,-0.35250,18.31500,0.14861
2,1844,-0.35260,18.32070,0.14863
2,1845,-0.35260,18.32640,0.14866
2,1846,-0.35260,18.33210,0.14868
2,1847,-0.35270,18.33780,0.14871
2,1848,-0.35270,18.34350,0.14873
2,1849,-0.35280,18.34920,0.14875
2,1850,-0.35280,18.35490,0.14878
2,1851,-0.35280,18.36060,0.14880
2,1852,-0.35290,18.36630,0.14882
2,1853,-0.35290,18.37200,0.14885
2,1854,-0.35300,18.37770,0.14887
2,1855,-0.35300,18.38340,0.14889
2,1856,-0.35310,18.38900,0.14892
